1.2572,-8.2449,0.8483,-1.5782,0.4736,-0.063273,0.42481,0.50017,0.7042,0.28973,0.076053,0.025883,-0.22968,0
3.3638,-9.0154,1.4104,-1.5884,1.3725,-0.33481,1.0529,0.89804,0.79525,0.74112,-0.15351,0.51718,0.44204,0
3.4461,-9.4871,1.3425,-1.4066,1.4422,0.12447,0.58199,0.88984,0.9026,0.11521,-0.047091,0.40989,0.81545,0
4.773,-10.007,1.2143,-2.0118,2.0864,0.28562,0.52868,0.33971,1.1688,0.42569,-0.47099,0.5086,-0.33061,0
5.3317,-9.6834,1.5131,-2.3545,1.6933,0.066311,-0.088666,0.16826,0.24546,-0.34749,-0.098748,0.81093,-0.12837,0
5.4291,-9.8495,0.97051,-2.144,1.5549,-0.78107,0.21506,0.39033,0.47851,0.624,0.21226,0.54129,-0.33093,0
5.4129,-9.5408,0.65186,-2.2153,0.93905,-0.81802,1.3073,0.76897,0.66202,-0.16022,0.38493,0.65855,0.2745,0
4.7297,-6.4355,1.9952,-0.71985,0.44283,-1.374,-0.5297,-0.71918,-0.054854,-0.79949,-0.77804,-0.022346,-0.63783,0
4.9246,-2.9696,2.0739,-1.4552,-0.7639,-2.312,-0.93917,-0.63517,-0.48632,-0.86712,-0.59206,0.13968,-0.011984,0
5.4738,-1.6604,0.44883,-0.88366,-1.5318,-2.6329,-1.5305,-0.061956,-1.2084,0.11362,-1.2051,0.78772,-0.49384,0
6.3662,-2.7119,0.22165,-0.59263,-1.3954,-2.0126,-2.0399,0.0098368,0.011257,0.57172,-0.84682,0.82613,-0.66325,0
6.5922,-2.9234,0.058889,-0.97661,-1.3412,-1.9147,-2.3488,0.0049085,0.55163,0.46721,-0.84962,0.59938,-0.91106,0
6.5625,-2.9093,-0.68424,-0.53773,-1.6269,-2.8796,-2.1531,0.020805,0.82504,0.30747,-1.3033,0.22737,-0.93159,0
6.5877,-3.0142,-0.65734,-0.92972,-1.8023,-2.5861,-1.2411,0.081361,0.45388,-0.4096,-1.2277,0.79275,-0.7305,0
6.384,-3.7477,0.040668,-1.2597,-1.8151,-2.4823,-1.3151,-0.046355,0.16103,0.13835,-1.7395,0.34733,-0.80592,0
3.8824,-2.9624,-0.033154,-0.68374,-0.63583,-0.81427,-0.79002,0.028655,0.26095,0.48855,-1.2061,0.10057,-0.48577,0
2.0887,-3.6612,1.0902,-0.69897,0.24202,-0.64527,-0.81413,-0.05745,-0.63291,-0.21517,-0.59644,-0.27175,-0.40646,0
1.5558,-5.1858,1.6189,0.025038,0.088001,-0.25863,-0.045298,-0.22975,-0.38872,-0.20975,-0.84653,-0.23621,-0.41367,0
1.8271,-6.1714,0.7239,-0.15102,0.078963,-0.59827,-0.19663,-0.25818,-0.19057,0.15192,-0.1365,0.3741,0.14801,0
2.2009,-5.4797,1.2013,-0.36783,-0.59193,-0.83845,-0.39946,0.21806,-0.12022,0.18342,0.093079,0.30811,-0.45624,0
2.6289,-7.0711,-0.52717,-0.92952,-0.16073,-0.48094,-0.68681,-0.22314,-0.033644,-0.086948,-0.63992,-0.12845,0.16412,0
2.706,-4.7748,0.66235,-0.79164,-1.0835,-0.25011,-0.44041,-0.58113,-0.4332,0.077509,-0.82668,-0.23915,-0.61574,0
3.6627,-1.4386,-0.74606,-2.545,-1.0911,-0.4059,-0.7619,-0.78215,-0.23993,0.29465,-0.78264,-0.019772,-0.68421,0
4.6858,-1.6249,-2.0296,-2.7949,-1.8284,-0.78644,-1.5179,-0.81849,-0.66764,0.18312,-1.5147,-0.78078,-0.39301,0
4.8207,-1.898,-2.3661,-2.6949,-1.6143,-1.2852,-1.6453,-0.67045,-0.74547,0.25861,-1.887,-0.90707,-0.6901,0
4.1753,-1.1023,-1.712,-2.5257,-0.68127,-1.1596,-1.4439,-0.4613,-0.36354,0.48718,-1.5961,-0.69956,-0.33236,0
2.9277,-1.0515,-0.16781,-3.1172,-0.43636,-0.93499,-1.5619,-0.64128,-0.55481,0.2961,-1.2254,-0.94069,-0.058368,0
0.83721,-0.7553,1.1205,-0.99183,-0.83032,-0.87681,-0.15408,-1.43,0.34901,-0.48274,-0.39034,-0.48483,0.016994,0
100,100,100,100,100,100,100,100,100,100,100,100,100,100
1.2572,-8.2449,0.8483,-1.5782,0.4736,-0.063273,0.42481,0.50017,0.7042,0.28973,0.076053,0.025883,-0.22968,0
3.3638,-9.0154,1.4104,-1.5884,1.3725,-0.33481,1.0529,0.89804,0.79525,0.74112,-0.15351,0.51718,0.44204,0
3.4461,-9.4871,1.3425,-1.4066,1.4422,0.12447,0.58199,0.88984,0.9026,0.11521,-0.047091,0.40989,0.81545,0
4.773,-10.007,1.2143,-2.0118,2.0864,0.28562,0.52868,0.33971,1.1688,0.42569,-0.47099,0.5086,-0.33061,0
5.3317,-9.6834,1.5131,-2.3545,1.6933,0.066311,-0.088666,0.16826,0.24546,-0.34749,-0.098748,0.81093,-0.12837,0
5.4291,-9.8495,0.97051,-2.144,1.5549,-0.78107,0.21506,0.39033,0.47851,0.624,0.21226,0.54129,-0.33093,0
5.4129,-9.5408,0.65186,-2.2153,0.93905,-0.81802,1.3073,0.76897,0.66202,-0.16022,0.38493,0.65855,0.2745,0
4.7297,-6.4355,1.9952,-0.71985,0.44283,-1.374,-0.5297,-0.71918,-0.054854,-0.79949,-0.77804,-0.022346,-0.63783,0
4.9246,-2.9696,2.0739,-1.4552,-0.7639,-2.312,-0.93917,-0.63517,-0.48632,-0.86712,-0.59206,0.13968,-0.011984,0
5.4738,-1.6604,0.44883,-0.88366,-1.5318,-2.6329,-1.5305,-0.061956,-1.2084,0.11362,-1.2051,0.78772,-0.49384,0
6.3662,-2.7119,0.22165,-0.59263,-1.3954,-2.0126,-2.0399,0.0098368,0.011257,0.57172,-0.84682,0.82613,-0.66325,0
6.5922,-2.9234,0.058889,-0.97661,-1.3412,-1.9147,-2.3488,0.0049085,0.55163,0.46721,-0.84962,0.59938,-0.91106,0
6.5625,-2.9093,-0.68424,-0.53773,-1.6269,-2.8796,-2.1531,0.020805,0.82504,0.30747,-1.3033,0.22737,-0.93159,0
6.5877,-3.0142,-0.65734,-0.92972,-1.8023,-2.5861,-1.2411,0.081361,0.45388,-0.4096,-1.2277,0.79275,-0.7305,0
6.384,-3.7477,0.040668,-1.2597,-1.8151,-2.4823,-1.3151,-0.046355,0.16103,0.13835,-1.7395,0.34733,-0.80592,0
3.8824,-2.9624,-0.033154,-0.68374,-0.63583,-0.81427,-0.79002,0.028655,0.26095,0.48855,-1.2061,0.10057,-0.48577,0
2.0887,-3.6612,1.0902,-0.69897,0.24202,-0.64527,-0.81413,-0.05745,-0.63291,-0.21517,-0.59644,-0.27175,-0.40646,0
1.5558,-5.1858,1.6189,0.025038,0.088001,-0.25863,-0.045298,-0.22975,-0.38872,-0.20975,-0.84653,-0.23621,-0.41367,0
1.8271,-6.1714,0.7239,-0.15102,0.078963,-0.59827,-0.19663,-0.25818,-0.19057,0.15192,-0.1365,0.3741,0.14801,0
2.2009,-5.4797,1.2013,-0.36783,-0.59193,-0.83845,-0.39946,0.21806,-0.12022,0.18342,0.093079,0.30811,-0.45624,0
2.6289,-7.0711,-0.52717,-0.92952,-0.16073,-0.48094,-0.68681,-0.22314,-0.033644,-0.086948,-0.63992,-0.12845,0.16412,0
2.706,-4.7748,0.66235,-0.79164,-1.0835,-0.25011,-0.44041,-0.58113,-0.4332,0.077509,-0.82668,-0.23915,-0.61574,0
3.6627,-1.4386,-0.74606,-2.545,-1.0911,-0.4059,-0.7619,-0.78215,-0.23993,0.29465,-0.78264,-0.019772,-0.68421,0
4.6858,-1.6249,-2.0296,-2.7949,-1.8284,-0.78644,-1.5179,-0.81849,-0.66764,0.18312,-1.5147,-0.78078,-0.39301,0
4.8207,-1.898,-2.3661,-2.6949,-1.6143,-1.2852,-1.6453,-0.67045,-0.74547,0.25861,-1.887,-0.90707,-0.6901,0
4.1753,-1.1023,-1.712,-2.5257,-0.68127,-1.1596,-1.4439,-0.4613,-0.36354,0.48718,-1.5961,-0.69956,-0.33236,0
2.9277,-1.0515,-0.16781,-3.1172,-0.43636,-0.93499,-1.5619,-0.64128,-0.55481,0.2961,-1.2254,-0.94069,-0.058368,0
0.83721,-0.7553,1.1205,-0.99183,-0.83032,-0.87681,-0.15408,-1.43,0.34901,-0.48274,-0.39034,-0.48483,0.016994,0
100,100,100,100,100,100,100,100,100,100,100,100,100,100
1.5639,-8.0116,1.8386,-0.77274,0.78333,0.035182,0.62227,0.16339,0.62849,0.47079,0.48983,0.55168,0.0045713,0
3.1907,-9.0392,1.0278,-2.0071,1.6599,-0.7396,0.46631,0.9773,0.67586,0.58883,0.75763,0.9247,0.56826,0
3.1898,-8.5456,1.9103,-1.2922,1.053,0.27706,1.2513,0.49103,0.51703,0.21899,-0.25247,0.082057,0.20365,0
3.8522,-9.4367,0.59857,-1.0007,2.3301,0.11574,0.84535,0.46753,0.21908,0.1265,0.23015,0.39413,-0.64081,0
4.0881,-9.7515,0.49086,-1.7537,0.42875,-0.089449,0.78296,0.53927,0.62642,0.51431,-0.46363,0.17838,-0.074087,0
4.7782,-8.963,0.90902,-1.6729,0.43109,-0.10198,0.79184,-0.025722,0.045316,0.060312,0.22151,0.34588,-0.0012221,0
4.2927,-5.1729,2.8997,-0.31644,-0.046562,-1.686,-1.3709,-0.9332,-0.82313,-0.35227,0.11704,-0.21674,-1.3487,0
4.9334,-2.7564,1.4703,-0.72545,-1.276,-2.5341,-1.4043,-0.18324,-0.5821,-0.88536,-0.90277,0.34921,-0.47466,0
5.8752,-2.4846,0.35136,0.10616,-2.1367,-2.5269,-1.5338,-0.19822,-0.97342,0.34595,-1.0081,0.53477,-0.40324,0
6.741,-3.6351,0.64685,-0.35452,-1.9525,-2.5857,-1.8113,-0.0030238,-0.64339,0.4381,-1.0264,0.433,-0.41702,0
7.049,-4.2245,0.35453,-0.36529,-2.0154,-2.636,-1.9245,0.17551,-0.68972,0.27499,-0.89769,0.15269,-0.38266,0
7.1948,-4.3366,0.13366,-0.71341,-1.9866,-2.3577,-1.9425,0.1832,-0.52181,-0.096812,-0.69902,0.31429,-0.80176,0
6.6202,-3.3769,-0.46304,-0.66844,-1.9431,-2.6546,-1.6585,0.16792,-0.23875,0.029876,-0.89682,0.66418,-1.1224,0
6.3975,-4.0959,0.040934,-1.2142,-1.4961,-2.4266,-1.6064,0.36222,-0.18611,-0.25651,-1.152,0.70208,-0.95135,0
3.3727,-2.9988,0.52017,-0.67127,-0.49278,-0.7274,-0.90978,0.20749,-0.14786,0.12549,-1.2062,-0.019838,-0.59797,0
1.2403,-3.5918,1.2261,-0.24452,-0.098602,-0.56364,-0.74695,0.51058,0.021461,-0.56388,-0.83381,-0.40666,-0.14755,0
1.5902,-5.8066,1.7638,-0.10028,0.50542,0.069781,-0.28734,-0.29358,0.22003,0.66842,-0.10024,0.12575,-0.2038,0
2.163,-6.6889,0.33448,-0.20908,-0.20637,-0.44097,-0.78783,0.29033,-0.77629,-0.0059172,0.1923,0.45633,0.75461,0
2.4169,-7.0256,0.17724,-0.414,-0.65091,-0.91315,-0.51253,-0.35184,-0.36654,0.30522,0.3027,0.37316,0.089924,0
2.5445,-6.4746,-0.32037,-0.778,-0.53864,-0.53963,-0.69226,-0.5262,-0.599,0.02878,-0.28589,0.27762,0.38581,0
2.4155,-6.4102,-0.26181,-1.6076,-1.0884,-0.54734,-0.9866,-0.43735,0.12105,0.49806,-0.33499,-0.080778,-0.25517,0
3.0671,-2.4708,-0.40323,-2.5055,-1.098,-0.47673,-1.089,-1.2272,-0.65647,-0.33524,-0.58998,-0.33776,-0.6148,0
5.0312,-0.89941,-1.5631,-3.6696,-1.5412,-0.23044,-1.2481,-0.77424,-0.39049,0.051264,-0.63123,-0.4406,-0.55596,0
5.7356,-0.75637,-2.2091,-3.2176,-1.8606,-0.39737,-0.79765,-0.79232,-0.26932,0.34287,-0.56197,-0.73824,-0.74563,0
5.9626,-1.3556,-2.7699,-2.7755,-1.9153,-0.77978,-0.57362,-0.64654,-0.021869,0.034128,-0.6651,-0.96408,-0.64966,0
5.9466,-1.8065,-2.5238,-3.266,-1.7072,-1.1027,-0.71927,-0.4895,-0.30489,0.20391,-1.165,-0.84947,-0.71721,0
5.4814,-1.4153,-1.8124,-3.6225,-0.92057,-1.2542,-1.1085,0.24847,-0.74544,0.42945,-1.0425,-0.66521,-0.57207,0
4.4188,-0.60056,-1.6425,-3.0186,-0.75243,-1.8396,-1.0732,0.010685,-0.6385,0.091476,-0.77372,-0.43747,-0.54342,0
2.4692,-1.0541,-0.28458,-2.4166,-0.26035,-1.6165,-1.1082,-0.51634,-0.40193,0.17893,-0.56587,-0.87732,-0.15188,0
1.0074,-1.8801,0.52454,-1.5697,-0.96371,-1.3389,-0.226,-0.91451,0.17138,-0.29474,-0.36762,-1.258,-0.33228,0
0.70148,-1.7925,0.67221,-1.094,-0.76552,-1.1668,-0.44098,-1.1615,0.17721,-0.83331,-0.91141,-0.82824,-0.38842,0
1.0444,-1.5295,0.63057,-0.80235,-0.67673,-1.1904,-0.30398,-0.97295,0.47167,-0.55169,-0.66912,-0.81854,-0.24295,0
0.44001,-1.7582,1.1242,-0.55187,-0.34523,-0.51876,0.028443,-0.7996,0.699,-0.20636,-0.43927,-0.45355,-0.37118,0
-0.01869,-2.4331,0.8605,-0.06412,0.089908,0.012408,-0.35595,-1.0988,0.57889,-0.34515,-1.2265,-0.53783,-0.46536,0
100,100,100,100,100,100,100,100,100,100,100,100,100,100
0.33435,-6.7444,1.8014,-0.38327,1.4758,0.27067,0.83728,0.13654,0.39257,-0.0083206,-0.12752,-0.43171,0.33753,0
2.7585,-8.6064,1.4436,-1.9501,1.0649,-0.36235,0.21641,-0.016223,0.49722,0.60069,0.4174,0.13508,0.0097844,0
3.5179,-9.3597,1.4616,-2.1443,1.6101,0.17088,0.55939,0.46114,0.9837,1.113,-0.1804,-0.20535,-0.16305,0
4.4004,-9.6259,1.3221,-2.1961,1.6245,-0.4513,0.79122,0.94708,0.55607,0.63787,0.35172,0.34399,0.19512,0
5.0958,-9.1704,1.7846,-2.3589,1.818,0.11602,0.99009,0.27455,-0.22091,0.54415,0.067257,0.13438,0.060285,0
4.981,-7.5246,2.29,-0.21701,1.743,-0.17174,0.69253,-0.45704,-0.50878,-0.52784,-0.1522,0.21848,-0.038558,0
5.2349,-6.4017,3.7297,-1.1862,0.36864,-0.93964,0.35476,-0.085647,-0.70302,0.075693,-0.012234,0.24173,-0.31766,0
4.7322,-2.238,2.074,-0.79293,-0.73056,-2.5371,-0.73354,-0.50127,-0.6428,-0.40117,-0.62722,0.39261,-0.53861,0
5.8549,-2.2118,-0.45324,0.49653,-1.5841,-3.0362,-0.81521,-0.30145,-0.8485,-0.057476,-0.78252,0.56822,-0.63258,0
6.7941,-3.5491,0.049632,-0.33446,-1.7275,-2.4303,-1.3649,-0.1034,-0.61814,0.20337,-0.8606,0.69138,-0.57232,0
7.0609,-4.0836,0.32737,-0.1431,-2.0635,-2.3571,-1.4018,0.36692,-0.67087,0.174,-0.7753,0.52953,-0.72422,0
7.0493,-4.3125,-0.12684,-0.93639,-1.7954,-2.8262,-1.4136,0.18012,-0.15826,-0.2453,-0.97362,0.55021,-0.83594,0
6.0103,-3.225,-0.94939,-0.92319,-1.3747,-1.8452,-1.6025,0.39115,-0.35022,0.39458,-1.6344,0.5066,-0.40496,0
3.4574,-2.9265,-0.24967,-0.62829,-0.50523,-0.68993,-1.443,-0.17422,-0.016878,0.35152,-1.4923,-0.021489,-0.13691,0
2.0072,-3.1967,1.0353,-0.43231,-0.10377,-0.25727,-0.83343,-0.43996,-0.4094,-0.073236,-0.6617,-0.028761,-0.1485,0
1.4507,-4.7173,1.4619,0.2264,0.69799,-0.5852,-1.193,-0.57589,0.19601,-0.23366,-0.49487,-0.25591,-0.97772,0
1.3984,-5.6091,1.08,-0.25041,-0.1345,-0.5153,-0.75712,-0.084076,-0.066439,-0.19787,-0.059016,0.70944,-0.033347,0
1.9482,-6.9719,0.77127,-0.14725,-0.6095,0.0030647,-0.71551,0.0026485,0.17573,0.52097,0.6801,0.54519,0.23523,0
3.4651,-8.3533,0.83273,0.11494,-0.38168,0.13158,-0.87564,-0.30261,0.50337,0.39086,-0.13851,0.38433,0.071126,0
2.1778,-7.2346,0.36775,-0.59814,-0.52748,-0.069924,0.30325,0.22383,0.17924,0.55054,0.92121,0.87988,-0.18183,0
1.2581,-4.096,0.78223,-0.41228,-0.10622,-0.4386,-1.0366,-0.13613,0.039613,-0.12118,-0.67463,-0.20314,-0.23021,0
4.0041,-1.3438,-1.2136,-2.8894,-1.2953,-0.46791,-1.3575,-1.172,-0.14545,-0.16288,-0.98181,-0.48877,-0.41213,0
5.5356,-1.7907,-2.1499,-3.0773,-1.6197,-1.1609,-1.2356,-0.87554,-0.75908,0.53751,-1.2764,-0.84828,-0.58625,0
5.9091,-1.5655,-2.2456,-2.8958,-1.4889,-1.0567,-1.0669,-0.2846,-0.38846,0.94946,-1.3658,-0.64431,-0.63848,0
5.9172,-1.934,-2.5983,-2.7607,-1.6677,-1.2754,-1.2127,-0.29131,-0.23368,0.37709,-1.1245,-0.88642,-0.69352,0
5.5647,-1.3058,-2.8162,-2.6592,-1.288,-1.9458,-1.2698,-0.58143,-0.31489,0.22818,-0.98641,-0.93663,-0.75145,0
4.3307,-0.50476,-1.9054,-2.6366,-0.17803,-1.994,-1.4926,-0.048306,-0.55278,0.31891,-0.5536,-0.58061,-0.6286,0
3.1396,-1.2455,-0.15409,-2.8615,-0.057838,-1.6517,-1.4858,-0.011563,-0.55274,0.7049,-0.77655,-0.74791,-0.10694,0
3.2538,-1.2042,-0.42745,-2.7468,-0.35505,-1.5793,-1.5831,-0.24066,-0.30004,0.18051,-0.96898,-0.46411,-0.56975,0
3.4805,-0.57208,-1.6376,-2.7302,-0.41451,-2.0019,-1.241,-0.46722,-0.16348,-0.11321,-1.0024,-0.76346,-0.62402,0
2.5937,-0.75181,-1.0624,-2.6114,-0.38124,-1.2422,-1.0376,-0.83444,0.33432,-0.38611,-0.9351,-0.5115,-0.49907,0
1.6478,-0.86918,0.019536,-2.183,-0.80829,-1.1146,-0.27124,-1.1108,0.76261,-0.56506,-0.67814,-0.34988,-0.5421,0
0.38357,-1.8934,1.0053,-0.81369,-0.58157,-0.39586,0.54404,-0.72207,0.16608,-0.7975,-0.69371,-1.091,-0.62994,0
100,100,100,100,100,100,100,100,100,100,100,100,100,100
0.30265,-6.1626,2.1075,-0.89403,0.88502,0.321,0.78727,0.42904,1.2836,0.40688,-0.17553,0.59397,0.50956,0
2.1863,-8.027,1.6484,-1.1824,1.7684,-0.366,0.6025,0.53415,0.2981,0.088772,-0.045639,0.65767,0.48072,0
3.7042,-8.7631,1.2605,-2.2089,1.6525,-0.44588,-0.18058,0.25529,0.85534,0.048579,-0.51048,-0.039192,-0.10698,0
4.1931,-8.6013,1.6477,-1.8944,0.501,-1.0399,1.1329,0.60366,0.79288,-0.34807,-0.02632,0.044303,0.52758,0
4.5742,-8.5607,1.7862,-1.3953,1.101,-1.2116,0.23309,-0.16778,-0.3831,-0.10409,-0.1427,0.31384,-0.45238,0
5.2068,-8.3767,1.5658,-1.4339,1.3772,0.21925,1.4077,0.43749,0.31758,-0.16841,-0.11124,-0.22507,-0.19095,0
5.455,-7.6778,2.6402,-0.71015,1.663,-0.014598,0.48,-0.11885,-0.10541,-0.56289,-0.35828,0.13503,0.36426,0
4.4317,-3.1508,2.1549,-0.77039,-0.64902,-2.7489,-0.55376,-0.5274,-0.53803,-0.99635,-0.2951,0.40863,-0.92364,0
5.4601,-2.1586,-0.24242,0.26254,-1.5649,-2.7586,-1.1118,-0.088658,-1.0274,-0.41392,-1.1068,0.57412,-0.72368,0
6.0463,-2.8378,-0.049334,-0.16321,-1.7683,-2.5969,-1.5233,-0.18983,-0.81134,-0.19943,-0.98294,0.67753,-0.92557,0
6.682,-3.6304,-0.085993,-0.66825,-1.6772,-2.708,-1.8059,-0.23681,-0.66685,0.15554,-1.341,0.64992,-1.0973,0
6.697,-3.2908,0.28783,-0.74712,-1.5505,-2.6934,-1.4067,0.41986,-0.64223,0.37093,-1.1511,0.82184,-0.85022,0
6.5277,-3.2436,-0.086898,-0.91424,-1.5095,-2.331,-1.4584,0.44622,-0.32043,0.013382,-1.0101,0.96764,-0.77209,0
5.6928,-2.9843,-0.29705,-1.3588,-1.0111,-1.9045,-1.7745,0.30717,-0.25379,-0.018075,-1.593,0.78773,-0.81092,0
3.2007,-3.3848,-0.28227,-0.86403,-0.44167,-1.1114,-1.1158,-0.55989,-0.38236,-0.0057993,-1.5781,-0.20878,-0.29235,0
1.237,-2.8629,0.83634,-0.29967,-0.76454,-0.96863,-1.0675,-0.43734,-0.55987,-0.45783,-0.18009,-0.17349,-0.39395,0
0.9399,-4.5632,1.7926,-0.013614,0.41772,-0.79851,-1.2266,-0.033089,-0.44936,-0.42548,-0.078065,0.055118,-0.62045,0
0.70702,-5.0312,0.96857,-0.3759,-0.31587,-0.9132,-0.55456,-0.40954,-0.23603,0.10753,0.25081,0.60875,0.11151,0
0.18555,-5.618,0.181,-0.53545,-1.1089,-0.69774,-0.26867,-0.28905,-0.33014,0.53865,0.49825,0.078136,0.377,0
0.61809,-5.6216,-0.18499,-0.45985,-0.36977,-0.63168,-0.14799,-0.51906,-0.01871,0.064158,0.17157,-0.039127,-0.22022,0
0.95059,-2.5132,0.57591,-1.4652,-0.80623,-0.3575,-0.23439,-0.39272,-0.30147,-0.37989,-0.28158,-0.24909,-0.36849,0
4.0857,-1.358,-1.5123,-2.9822,-0.97925,-0.88161,-0.85383,-0.97356,-0.37066,-0.074601,-0.36743,-0.65051,-0.63621,0
5.5022,-1.0426,-2.0147,-3.2375,-1.6604,-0.45629,-1.0629,-0.71277,-0.26149,0.54276,-0.98361,-0.59989,-0.82537,0
5.9781,-1.6096,-2.2628,-2.9438,-1.6186,-1.0079,-0.84123,-0.59166,0.042607,0.50541,-1.0152,-0.80026,-0.70502,0
6.0918,-2.0213,-2.5689,-2.724,-1.6724,-1.2483,-0.91154,-0.35322,0.030276,0.30411,-1.028,-0.92221,-0.48105,0
5.8022,-2.0622,-2.5476,-2.7582,-1.6661,-1.6488,-0.94742,-0.52402,-0.17042,0.13628,-0.97656,-0.77899,-0.91177,0
4.8802,-0.4527,-2.6228,-2.7568,-0.68701,-2.1567,-0.94455,-0.40885,-0.46956,0.010741,-0.45603,-0.99488,-0.63206,0
3.6718,-1.251,-1.1722,-2.4696,-0.16774,-1.9375,-1.2263,-0.1577,-0.48898,0.29904,-0.44771,-0.8163,-0.41059,0
3.3202,-1.6566,-0.61238,-2.5954,-0.76291,-1.9025,-0.99336,-0.684,-0.49993,0.15768,-0.96348,-0.61626,-0.57309,0
3.5697,-0.87541,-1.1271,-3.107,-0.21845,-2.1147,-0.90797,-0.33731,-0.27177,-0.076184,-0.53342,-0.90825,-0.71861,0
2.9816,-0.79392,-1.7637,-2.1204,-0.54322,-1.3908,-0.79325,-0.77052,0.32557,-0.37838,-0.2386,-1.0108,-0.19115,0
2.1097,-1.647,-0.78349,-2.1322,-0.85353,-1.2045,-0.76064,-0.82422,0.25423,0.022149,-0.5408,-1.152,-0.20657,0
1.2287,-1.2957,0.22627,-1.8015,-0.73778,-1.2264,0.077541,-1.1346,-0.14746,-0.37174,0.17797,-0.88925,-0.61021,0
100,100,100,100,100,100,100,100,100,100,100,100,100,100
2.3803,-8.6625,1.5765,-1.4059,1.6154,0.6468,0.89701,-0.20462,0.72185,-0.027024,0.39859,0.88703,0.093491,0
2.8303,-9.6133,1.0721,-1.2931,1.9351,0.14505,0.44899,0.52012,0.5519,0.39698,0.31597,0.68294,0.2599,0
3.538,-8.5936,1.1945,-2.2473,1.6171,0.001305,1.4159,0.48665,0.39436,0.44031,0.70225,-0.41726,0.045146,0
4.1711,-9.4258,1.0532,-1.3701,2.2359,-0.55986,0.175,-0.04277,0.21753,0.23259,0.27128,0.24076,-0.084355,0
4.3753,-9.8147,1.495,-1.987,1.2232,0.21222,0.12206,-0.61434,0.19391,0.10939,0.80732,1.0667,-0.41326,0
4.5151,-8.9693,1.9301,-0.89209,1.1825,-0.84528,0.50553,0.045708,0.56179,0.19068,0.40929,0.72098,0.041466,0
5.265,-8.5655,2.1648,-1.195,1.2504,-1.0765,0.66112,0.15452,0.24891,-0.11281,-0.061794,0.0063367,-0.51593,0
4.9804,-4.0728,3.5287,-1.4951,-0.38951,-2.0015,-0.92392,-0.73201,-0.45361,-0.31288,-0.67011,0.33445,-0.6203,0
4.9793,-2.1078,0.56477,-0.87872,-1.3366,-2.7335,-1.14,-0.3207,-0.53818,-0.99783,-0.85483,0.51804,-0.50372,0
6.4697,-3.0259,0.12784,0.095664,-1.5734,-2.4323,-1.7365,0.18866,0.035083,0.35271,-0.88816,0.61446,-0.38829,0
7.2418,-4.4226,0.7877,0.26887,-1.2642,-2.7454,-2.2022,0.29416,0.5801,0.73454,-0.71319,0.34487,-0.80717,0
7.0272,-4.4004,0.0092977,-0.54426,-2.1474,-2.9277,-1.93,0.53458,0.80632,-0.36039,-1.1415,-0.022162,-0.58487,0
7.0066,-4.0771,-0.20348,-1.0715,-2.4837,-2.6817,-1.4155,0.60204,0.81508,-0.81023,-1.2525,0.30962,-0.73584,0
5.9681,-3.1412,-1.0732,-1.1025,-1.9644,-2.0722,-1.8349,-0.04262,0.26353,-0.61238,-1.3523,0.48302,-0.81745,0
3.4025,-2.6756,-0.5757,-0.51041,-0.61855,-0.65672,-0.98282,-0.032075,-0.072567,0.19696,-1.2096,-0.29968,-0.33167,0
1.6243,-2.985,0.54531,-0.58698,-0.24151,-0.90362,-0.36876,-0.58494,0.070391,-0.30202,-0.86754,-0.21348,-1.0549,0
1.0196,-4.1254,1.1121,0.45671,0.44937,-0.60799,-0.60862,-0.47804,-0.40737,-0.35551,-0.61317,-0.0716,-0.95994,0
0.89307,-4.649,0.32291,-0.11207,0.70196,-0.33657,-0.54355,-0.41282,-0.66237,-0.20162,0.10305,0.30812,0.12961,0
1.3794,-4.7161,1.1685,-0.70181,-0.083691,-0.74206,-0.28421,-0.05438,0.16137,0.52393,-0.2566,0.095288,-0.39035,0
1.4579,-4.2031,1.05,-0.66727,-0.035216,-0.80257,-0.40846,-0.30184,-0.77834,0.041778,-0.29874,-0.33369,-0.099299,0
2.9898,-1.885,-0.63614,-2.4661,-0.59261,0.0011345,-1.046,-0.54762,-0.64108,0.09988,-0.65871,-0.21026,-0.087641,0
5.013,-1.1834,-2.1315,-3.0616,-1.3744,-0.25418,-0.99761,-0.86161,-0.32641,0.36159,-1.0365,-0.45375,-0.43859,0
6.0117,-1.654,-2.3852,-2.9781,-1.5281,-0.65399,-0.76553,-0.77032,0.0062187,0.37471,-1.0514,-0.53602,-0.52931,0
6.2975,-2.2065,-2.9188,-2.6543,-1.5592,-1.265,-0.28055,-0.45663,0.057589,0.30699,-1.2667,-0.59115,-0.58285,0
6.2133,-2.1576,-2.6929,-2.4877,-1.4185,-1.1332,-0.61895,0.44743,-0.28244,0.54239,-1.2128,-0.18742,-0.49474,0
5.5603,-1.6156,-2.2039,-2.8614,-1.3262,-1.5646,-1.391,0.15793,-0.71323,0.33599,-1.0577,-0.31154,-0.84291,0
3.7439,-0.48504,-1.6002,-2.7708,-0.19368,-2.3953,-1.322,0.044736,-0.98444,0.10849,-0.5964,-0.64199,-0.20544,0
2.3695,-1.2389,-0.12798,-2.6778,-0.59374,-0.89811,-1.3158,-0.51991,0.11672,0.44802,-0.40109,-0.76907,-0.16827,0
1.8226,-0.8715,-0.30059,-2.0243,-0.23095,-0.92921,-0.89228,-1.1163,0.0136,-0.1223,-0.26714,-0.90692,-0.43004,0
1.8722,-0.82053,0.43361,-2.1966,-0.94763,-0.64199,-0.66946,-1.0779,0.28966,-0.50004,-0.77941,-0.89967,-0.51186,0
1.5091,-0.80923,0.30614,-1.2898,-0.59162,-1.4083,0.17545,-0.41349,0.34275,-0.85034,-0.56701,-0.66579,-0.037121,0
0.5025,-1.8426,0.30407,-1.116,-0.32437,-0.72831,0.11679,-0.45621,-0.36458,-1.3441,-0.68307,-0.68638,-0.40387,0
100,100,100,100,100,100,100,100,100,100,100,100,100,100
-4.3107,-2.3589,0.88445,0.26791,0.35698,0.55268,0.91093,0.11738,-0.3787,-0.21338,0.79121,0.39766,-0.077259,1
-4.1616,-2.5421,0.70119,0.20298,0.23469,0.15023,0.29951,0.09276,0.42843,0.087021,-0.13539,-0.24598,-0.094842,1
-3.4203,-2.7592,0.59654,-0.0081268,0.11886,0.35319,0.95957,0.57153,0.086688,-0.15113,-0.014504,-0.58937,-0.3841,1
-1.6205,-1.2933,1.926,0.71339,-0.070935,-0.31561,-0.60261,-1.5429,0.52259,-0.92215,-0.99897,0.048641,0.062574,1
0.36676,0.18168,2.2657,-0.20939,-2.1765,-1.8124,0.42719,-1.1239,0.50312,-0.77283,-0.12978,-0.91188,0.55317,1
0.045713,0.38242,2.6812,-0.55223,-1.8642,-1.3501,0.044113,-1.1052,0.75812,-1.1424,-1.0751,-0.44246,0.21287,1
1.4605,0.99773,2.5915,-0.7213,-2.1977,-2.1029,0.41156,-0.96023,0.24316,-0.37157,-0.18198,-0.80214,0.54139,1
2.2148,1.8175,2.2322,-1.4376,-2.2719,-2.0379,0.56052,-0.88362,0.14735,-0.81104,-0.25802,-0.3582,0.60394,1
3.2418,1.9593,2.0536,-2.463,-2.2392,-1.2756,0.57284,-0.85163,-0.85237,-0.49248,-0.44342,0.053651,0.88229,1
4.1349,1.6443,1.3593,-2.6756,-2.315,-1.1708,0.23781,-0.33561,-1.6766,0.091822,-0.029993,0.066556,0.38721,1
4.6454,0.86096,0.87232,-3.0053,-2.46,-0.43214,-0.53782,-0.55254,-1.8266,1.2175,-0.028962,-0.20023,0.2072,1
5.7185,-0.43241,-0.73505,-2.8188,-2.1378,-1.0987,-0.92366,-0.2517,-1.5539,1.6736,-0.28005,-0.47566,-0.65298,1
6.3623,-1.5877,-1.9132,-1.5467,-1.4532,-2.0265,-1.3859,0.22229,0.17799,1.2816,-0.32635,-1.1534,-0.64767,1
6.8196,-2.6198,-1.8521,-1.4213,-1.9669,-1.8354,-0.61879,0.50427,0.37349,0.10765,-0.64637,-0.9154,-0.43195,1
7.2146,-3.0286,-2.0498,-2.1143,-1.8436,-1.3951,-0.18002,0.70218,0.18083,-0.18797,-1.2694,-0.79234,-0.020687,1
7.2386,-3.0686,-2.1353,-2.6442,-1.8203,-0.86344,0.019273,0.39047,0.28002,-0.2695,-0.92806,-0.7776,0.35048,1
7.1779,-2.9987,-1.7,-3.2092,-1.6269,-0.95814,0.27925,0.89367,-0.26447,-0.13221,-0.82079,-0.63563,0.60514,1
7.2934,-3.7976,-1.8996,-3.1619,-1.8521,-0.963,0.34663,0.74875,-0.47961,-0.31815,-1.1439,-0.39401,0.58513,1
7.4068,-4.3097,-1.598,-2.1425,-1.5301,-0.89737,0.87477,1.2971,-0.19837,-0.80301,-0.93283,-0.257,0.66342,1
7.0137,-3.3517,-1.353,-1.6034,-0.69964,-0.32346,1.4171,0.78033,-0.45534,-0.9854,-1.0608,-0.65643,0.49444,1
6.0484,-3.2461,-2.3853,-1.7477,0.38151,-1.1425,0.31676,-0.032798,-0.86935,-1.0349,-0.84074,-0.43935,-0.02206,1
5.2538,-3.7748,-2.3624,-1.0542,0.56553,-0.88732,0.091574,0.27654,-1.6662,-1.0045,-0.79085,-0.26973,-0.79414,1
4.5535,-4.2491,-1.0774,-0.6528,0.45189,0.34637,1.0225,0.89524,-2.3088,-0.91278,-0.83631,-0.40862,-0.23054,1
4.3375,-4.5798,-1.1178,-0.58002,0.3344,0.11841,0.41456,0.35693,-1.7088,-0.14151,0.036087,-0.19942,-0.36755,1
4.2002,-5.1653,-1.5676,-1.2277,-0.016929,-0.16482,-0.10663,0.80162,-1.6737,-0.80673,-0.31158,0.23569,-0.2447,1
3.607,-4.3026,-0.58821,-0.56476,-0.49602,0.32306,0.20098,0.072572,-1.0377,-0.70759,-0.82182,-0.029481,-0.46477,1
3.825,-3.5403,-0.15531,0.063757,-0.35601,-0.014004,0.92936,-0.062035,-0.79044,-1.0647,-0.96516,0.77281,-0.94129,1
3.9199,-4.0921,0.51133,0.42411,-0.89225,-0.55124,1.1627,-0.31476,-1.1532,-1.0782,-1.7335,0.29671,-0.65469,1
3.9506,-2.9548,1.6297,-0.21883,-1.9574,-0.76484,-0.14166,-0.27411,-0.55406,-0.31174,-1.0171,0.29541,-0.98226,1
3.5441,-1.7787,0.55586,0.35194,-1.4205,-1.7946,0.026966,0.027595,-0.79766,-0.098326,-0.65196,0.84961,-0.84969,1
1.8015,-1.8871,1.8524,0.72189,-0.37039,-1.5795,-0.48989,-0.28868,-0.61978,-0.34631,-0.54183,1.1344,-0.77865,1
100,100,100,100,100,100,100,100,100,100,100,100,100,100
-0.27217,0.26144,2.7296,0.097807,-1.9269,-1.797,0.021978,-1.3752,0.85033,-0.66609,-0.79251,-0.56801,0.16364,1
0.21414,0.032692,2.2484,-0.19246,-2.1336,-1.4782,0.43691,-1.1071,0.56039,-0.7524,-0.22979,-0.53439,0.6508,1
1.8639,1.0962,2.3518,-1.9975,-2.2729,-1.4516,0.16106,-0.74506,-0.28493,-0.31837,-0.67274,-0.30795,0.26627,1
2.6799,2.5562,2.1367,-2.9871,-2.2003,-1.0971,0.0069511,-1.2866,0.034327,-0.38166,-0.48525,-0.023994,0.6609,1
3.738,2.3773,1.5452,-3.2573,-2.2561,-1.1035,0.21934,-1.1341,-1.4962,0.42176,-0.42011,0.37118,0.84751,1
4.5595,1.5748,1.5497,-3.66,-2.672,-0.94947,-0.12296,-0.2903,-2.2008,0.64422,0.19757,0.46335,0.012652,1
5.1305,1.0962,0.21707,-3.7127,-2.284,-0.70099,-0.33816,-0.63143,-1.9385,1.4992,-0.10724,-0.13657,-0.46429,1
5.7507,-0.016158,-1.1783,-2.6978,-2.0165,-0.86162,-0.87143,-0.16336,-0.9778,1.5496,-0.46196,-0.33849,-0.73411,1
6.435,-1.8767,-1.9633,-2.1326,-1.4364,-1.8103,-0.96671,0.31422,-0.012152,0.87206,-0.55584,-0.80972,-0.6498,1
6.9231,-2.6091,-2.2821,-2.3995,-1.8993,-1.3394,-0.20009,0.39559,-0.037798,-0.072442,-0.98943,-0.67467,-0.46217,1
7.0838,-2.8801,-2.5735,-2.8377,-1.9848,-0.65108,-0.41079,-0.055082,0.13825,-0.2416,-1.2828,-0.78097,-0.1688,1
7.0856,-2.6503,-2.908,-2.9186,-2.2476,-0.40323,-0.48968,-0.10528,0.12966,-0.18537,-1.3325,-0.55494,0.16736,1
7.1439,-3.0116,-2.5528,-3.0373,-1.7097,-0.27985,-0.020201,0.047775,0.20259,-0.37793,-1.0553,-0.33835,0.30968,1
7.3091,-3.6398,-2.2117,-3.0244,-1.3462,-0.16014,0.36151,0.36074,0.037522,-0.22704,-0.91186,-0.36241,0.37238,1
7.3417,-3.6986,-1.8373,-2.8697,-1.127,-0.01146,0.3123,0.44199,-0.13201,-0.213,-1.0994,-0.12793,0.40583,1
7.4462,-3.6618,-1.27,-2.7461,-0.75488,-0.31559,0.49531,0.60256,-0.39597,-0.20012,-1.4099,0.00099952,0.37229,1
7.3253,-4.1409,-1.4054,-2.1544,-1.0453,-0.61034,0.80986,0.63235,-0.27726,-1.0284,-1.7945,0.35545,0.39829,1
6.3881,-2.7325,-2.3828,-1.961,-0.52847,-0.77621,0.31025,0.47482,-0.57617,-0.91637,-0.73684,-0.076394,-0.4695,1
5.5668,-3.6965,-1.9949,-2.1816,0.92312,0.028444,0.040084,-0.39119,-0.9466,-1.852,-0.92481,0.24539,-1.0529,1
5.6066,-5.376,-0.66972,-1.0894,0.67023,-0.58469,0.026865,0.027429,-0.7518,-1.0505,-0.65079,0.22525,-1.0845,1
5.5576,-5.7919,-1.0921,-0.81976,-0.057634,-0.18098,0.39563,0.15373,-0.52658,-1.1199,-0.71075,0.9247,-0.97314,1
5.4681,-5.0703,-0.58767,-0.31599,0.121,-0.75286,0.23741,0.081841,-0.42538,-0.83358,-1.5692,0.096297,-0.37956,1
5.3878,-4.7564,-1.1099,-0.75951,0.27066,-0.58541,0.33563,-0.79902,-0.69927,-0.45438,-2.0369,0.074468,-0.26569,1
5.3133,-4.4634,0.20475,0.36526,-0.3118,-0.5114,1.1201,-0.058761,-0.44359,-0.50884,-2.2365,0.1201,-1.5468,1
5.1309,-3.9301,0.92351,0.2048,-1.9887,-1.6235,0.48502,-0.46699,-1.4399,-0.035047,-1.4314,0.37423,-1.1881,1
5.3316,-3.7063,0.6369,0.36473,-2.7132,-1.8207,-0.97468,-0.33101,-0.84765,0.036315,-0.95286,0.25135,-1.4106,1
5.505,-3.4459,0.82004,0.77694,-2.5401,-2.0488,-0.80829,-0.028679,-1.1808,0.5576,-1.239,0.42049,-1.0951,1
3.8827,-1.6131,0.31095,1.2221,-2.0569,-2.2592,-0.40576,-0.14555,-1.4417,0.24819,-1.1176,0.64196,-0.94589,1
0.69596,-0.98594,2.279,-0.16094,-1.0874,-1.5066,-0.12995,0.1136,-0.20678,-0.41231,-0.64676,0.1299,-1.1465,1
-0.13616,-1.7525,1.655,0.6081,-0.19928,-0.41204,-0.37229,-1.5904,-0.37882,-1.2202,-1.4357,-0.19456,0.16113,1
-0.72493,-1.814,1.5586,0.56655,-0.64517,-1.054,-0.4481,-1.0953,0.1393,-1.3699,-0.89305,-0.4022,-0.37686,1
100,100,100,100,100,100,100,100,100,100,100,100,100,100
0.099539,-0.43139,2.3025,-0.29737,-1.2975,-1.2234,-0.020594,-1.6753,0.35833,-0.63554,0.17481,0.19794,0.15888,1
0.92185,-0.11615,2.3703,-1.1142,-1.921,-1.0156,-0.17702,-1.4634,0.46204,-1.0643,-0.7434,-0.065482,0.15882,1
1.4699,0.3486,2.4665,-1.2437,-2.1244,-1.0155,-0.44342,-1.1746,0.4657,-0.77285,-0.54676,-0.075986,0.25243,1
2.5147,0.98565,2.8571,-2.1596,-2.3908,-1.3395,0.20321,-0.87234,-0.14452,-0.48125,-0.7805,-0.032083,0.52822,1
3.5793,1.8554,1.8436,-2.9462,-2.3286,-1.2003,0.26061,-0.92487,-0.81209,-0.48606,-0.29112,0.40349,0.84436,1
4.8341,1.4457,0.86545,-3.812,-2.4397,-0.75007,-0.14288,-0.67604,-1.7011,0.29422,-0.01996,0.53667,0.52416,1
5.3389,0.73837,-0.054824,-4.03,-2.6042,-0.5027,-0.15913,-0.64026,-1.6336,0.95233,0.06588,-0.069317,-0.072627,1
5.7876,-0.3457,-1.4419,-3.1168,-2.3541,-0.61026,-0.42149,-0.60372,-1.3344,1.5291,-0.28143,-0.61532,-0.70664,1
6.5398,-1.9971,-2.2504,-2.371,-2.4369,-1.0868,-0.042563,-0.46369,-0.7503,1.2325,-0.54682,-1.0253,-0.65032,1
7.0481,-3.0556,-2.6889,-2.7526,-2.135,-0.93884,0.19621,-0.68437,-0.55372,0.58749,-0.99968,-1.1111,-0.37983,1
7.2126,-3.2284,-2.6238,-3.1344,-1.7391,-0.56285,0.42976,-0.30616,-0.72226,0.41233,-0.76348,-0.92978,-0.26342,1
7.2487,-3.3135,-2.7415,-3.0588,-1.4573,-0.24597,0.1252,0.058386,-0.57959,0.20952,-0.87885,-0.41959,-0.33875,1
7.396,-4.0265,-2.7721,-3.365,-1.4344,-0.12792,-0.1018,0.057907,-0.67204,-0.023646,-0.93826,-0.47096,-0.23692,1
7.5205,-4.3345,-2.8834,-3.2968,-1.1851,0.29232,-0.12695,0.028008,-0.46654,-0.13895,-0.88307,-0.50947,0.11134,1
7.4691,-4.1527,-3.2204,-3.5681,-1.3885,0.17262,-0.67588,0.17267,-0.95032,-0.084303,-1.3246,-0.34945,-0.28937,1
7.3478,-3.8674,-2.6376,-3.3836,-0.87484,0.0314,-0.14342,0.090931,-0.72672,-0.5643,-1.27,-0.025788,-0.41455,1
7.0001,-3.2761,-1.6992,-2.0785,-0.6961,0.79014,0.74236,0.012942,0.0067539,-0.8762,-1.4017,-0.00027545,0.095282,1
6.261,-2.9982,-2.3758,-2.3736,-0.41493,-0.37461,-0.21043,0.24159,-0.68435,-0.85469,-1.2773,0.15704,-0.68846,1
5.5009,-3.0142,-2.408,-1.6474,0.58821,-0.68535,0.82456,0.37362,-1.5455,-1.068,-0.98013,-0.10412,-0.32025,1
5.2696,-4.0776,-0.8836,-1.4112,0.51605,-0.60269,-0.082027,0.9102,-0.74604,0.085561,-0.646,-0.18172,-0.05345,1
5.668,-5.0566,-0.97572,-1.2987,-0.24562,-0.55877,0.17437,0.25582,-1.8166,-0.75604,-0.3448,-0.44706,-0.61375,1
5.6204,-5.2356,-0.78416,-1.2606,-0.11017,-0.12422,0.35154,0.043805,-1.2164,-0.58039,0.31016,0.36703,-0.30699,1
5.4685,-6.3122,-1.3588,-1.3838,-1.2902,-0.31232,0.048855,-0.48183,-0.58658,-0.92597,-0.97622,0.97726,-0.20072,1
5.3565,-4.7097,-0.16629,-0.83567,-0.9357,-0.13142,0.77972,0.056103,-0.79082,-0.15899,-1.645,0.21524,-0.89499,1
5.1337,-3.8978,0.38256,-0.29609,-0.9716,-0.50471,0.21651,0.010153,-1.4649,0.053336,-1.7928,-0.21583,-0.76081,1
5.5374,-3.9772,0.55563,0.44526,-2.0189,-2.2089,-0.23697,0.031579,-1.3275,0.057374,-0.83468,-0.07707,-1.2126,1
6.3655,-4.1266,0.66357,-0.066693,-1.9085,-2.614,-0.47093,-0.014767,-0.62474,0.53241,-1.0077,0.27258,-0.9295,1
5.7517,-3.1775,-0.12622,0.34439,-2.5649,-1.9332,-0.71704,-0.03927,-1.4329,0.30083,-0.93382,0.38162,-0.71538,1
4.1775,-1.4262,0.27659,0.026294,-1.9819,-2.1411,-0.67493,-0.40253,-1.4697,-0.30809,-0.96503,0.40722,-0.24601,1
1.4294,-1.2151,1.8066,-0.21344,-0.93005,-1.1582,-0.41693,-0.12217,-0.92011,-0.4492,-0.69823,-0.022683,-0.27376,1
0.36568,-1.1949,1.6576,0.29217,-0.40295,-0.82402,-0.78454,-1.8866,-0.054893,-0.7923,-0.53906,-0.30605,-0.26629,1
-0.060847,-2.0609,1.239,0.29508,-1.1232,-0.60963,-0.61252,-2.3338,-0.015418,-1.2093,-0.88518,-0.64613,-1.1243,1
-0.5434,-2.8141,0.82139,0.15201,-0.7654,-0.57459,-0.37022,-1.1273,0.088721,-0.99549,-0.96896,-0.86952,-1.1528,1
-0.6392,-2.1656,1.6305,0.86389,-0.58107,-0.85667,-0.68545,-1.3587,0.42476,-0.88971,-0.82101,-0.55352,-0.5927,1
-1.2942,-2.3828,1.1939,0.759,0.38588,0.17211,-0.33608,-1.0493,0.29499,-0.55064,-0.63281,-0.040793,-0.73689,1
100,100,100,100,100,100,100,100,100,100,100,100,100,100
0.30338,-0.039964,2.2289,-0.88052,-1.9708,-1.4024,0.4183,-1.4727,0.49062,-0.70659,-0.25634,-0.1342,0.46025,1
0.84816,0.37639,2.3035,-1.4219,-2.042,-1.4685,-0.14378,-1.1835,0.60704,-1.5308,-0.66033,0.18647,0.017912,1
1.4025,-0.031437,2.5998,-1.6224,-1.9119,-1.5246,-0.38143,-0.78939,-0.31177,-0.23169,-0.45786,0.096732,-0.019712,1
2.3659,0.99707,2.5499,-2.116,-2.4487,-1.6085,0.010266,-0.74934,-0.071363,-0.45881,-0.51597,0.13926,0.58145,1
3.2925,1.6956,2.8199,-3.2321,-2.6492,-0.85639,-0.062882,-0.89862,-0.71483,-0.18272,0.012059,0.57919,0.091669,1
4.3063,1.6563,1.6986,-3.8175,-2.3807,-0.77153,-0.27369,-0.97754,-1.0268,0.33809,-0.28146,0.69212,0.16052,1
5.0381,1.1758,0.61113,-4.08,-2.684,-0.87162,-0.14105,-0.7402,-1.5511,0.98219,-0.19545,0.021863,-0.092189,1
5.5025,0.28617,-0.22596,-4.134,-2.2945,-0.60028,-0.0056885,-1.2981,-1.1006,1.5855,-0.52057,-0.33331,-0.61637,1
6.0963,-1.2023,-1.681,-2.887,-2.3435,-0.93991,-0.48545,-0.73187,-0.64907,1.4274,-0.64197,-0.41963,-1.089,1
6.6983,-2.4368,-2.2637,-2.4812,-2.0341,-1.4113,-0.22479,-0.67602,-0.26178,0.89125,-0.74429,-0.82613,-0.68282,1
7.0602,-2.518,-2.6577,-2.0657,-1.9656,-0.61185,0.34953,-0.63894,-0.02334,0.89453,-1.0612,-0.87933,-0.21386,1
7.2518,-3.0808,-2.8781,-2.111,-1.9641,-0.53342,0.58288,-0.65897,-0.15525,0.50351,-1.3495,-0.97926,-0.37824,1
7.3413,-2.9948,-3.0928,-2.3298,-1.7618,-0.22127,0.58126,-0.5321,-0.15548,0.35201,-1.1071,-1.1933,-0.12502,1
7.2858,-3.3696,-2.8485,-2.6983,-1.4592,-0.23401,0.2018,-0.41495,0.16857,0.03821,-0.95519,-0.97126,0.05732,1
7.2692,-3.4723,-2.4828,-3.0008,-1.0851,-0.10171,-0.61617,0.13521,0.45163,-0.28691,-1.0504,-0.48934,-0.010609,1
7.1126,-3.0275,-2.8223,-3.2897,-0.94824,-0.52098,-0.7801,0.38609,0.08732,-0.59964,-0.98472,-0.0067165,0.1626,1
6.2748,-2.4896,-2.8535,-1.9895,-0.39761,-1.0082,-0.3268,0.4531,-0.52294,-0.5363,-1.2332,0.041222,-0.16756,1
5.4293,-2.9846,-1.6466,-1.9814,-0.11793,-1.3376,0.50325,0.41067,-1.5173,-0.95558,-1.0738,-0.24058,-0.73708,1
5.3931,-3.7536,-0.91153,-1.846,0.73224,-0.5865,0.91849,0.8149,-1.4649,-1.1264,-0.85692,-0.83434,-0.69896,1
5.7324,-4.732,-0.395,-1.3429,0.30894,-1.0021,0.29808,0.24478,-1.3175,-1.2523,-0.8531,-0.12595,0.093789,1
5.4527,-5.5622,-0.54868,-0.91718,0.2107,-0.24264,0.62446,0.24271,-0.74473,-0.92327,-0.2837,0.64272,-1.6041,1
5.8038,-5.3969,-0.22937,-0.44776,0.031455,-0.85935,0.68146,0.0067152,-1.0872,-0.90713,-1.2852,0.27862,-0.93957,1
5.5435,-4.9114,0.54723,0.14677,-1.2249,-0.30768,0.29781,-0.55107,-0.89712,-0.52979,-1.3335,0.60433,-1.1341,1
4.6923,-3.4929,0.95618,0.052537,-0.96319,-0.78872,-0.43933,-0.47588,-1.317,0.63112,-1.771,-0.055406,-1.0496,1
5.234,-2.8116,0.32153,-0.40725,-1.468,-2.2238,0.17984,-0.34565,-0.87879,0.50833,-0.92474,0.18028,-1.4611,1
6.4114,-3.9443,0.44645,-0.51793,-2.0329,-2.72,-0.31084,0.097076,-0.7369,0.60294,-0.93303,0.2991,-1.1286,1
5.8271,-2.9636,-0.73541,-0.12299,-2.434,-2.2372,-0.85319,0.1478,-1.3919,0.3861,-0.92164,0.35846,-0.94455,1
5.0331,-2.0587,-0.098777,-0.052679,-2.3201,-2.1185,-0.90506,-0.10837,-1.7125,-0.019175,-0.8636,0.45435,-0.63752,1
4.0453,-1.8627,0.59354,0.29629,-1.1882,-2.349,-0.92869,-0.2132,-2.0273,-0.0063626,-1.2422,0.68096,-0.41148,1
0.85755,-1.7093,1.7017,0.089053,-0.34652,-1.7806,-0.5768,-0.17404,-0.8876,-0.81177,-1.3514,-0.37114,-0.36729,1
0.29191,-1.7909,1.2811,0.32623,-0.081097,-1.4121,-1.0216,-1.2789,-0.35313,-0.71151,-0.98405,-0.35054,-0.89752,1
-0.2883,-1.7369,1.6942,1.4289,-0.038615,-0.95814,-0.71888,-1.82,-0.26323,-0.96895,-0.63199,-0.57008,-0.1986,1
-0.46422,-1.6762,1.7329,0.5146,-0.19566,-0.96355,-0.61752,-1.0461,0.71621,-0.7376,-0.98246,-0.70497,-1.2686,1
-0.68525,-2.2839,1.8519,1.0598,-0.94534,-0.68463,-0.14761,-1.1041,0.55922,-0.68599,-0.83229,-1.0259,-0.7497,1
-1.222,-2.1762,1.5502,0.83862,-0.49833,-0.47996,0.21996,-0.5024,0.56021,-0.59481,-0.44821,-0.92505,-0.97651,1
100,100,100,100,100,100,100,100,100,100,100,100,100,100
-0.92199,-1.4074,1.9541,0.42794,-0.45896,-0.69962,-0.76155,-2.1139,0.47845,-0.53353,0.061526,0.20571,-0.34046,1
-0.86068,-1.859,1.4699,0.23443,-0.75755,-0.78023,-0.49568,-1.4871,0.5023,-0.34675,-0.088391,-0.14013,0.13706,1
0.39062,-0.7332,2.0521,-0.3744,-1.6605,-1.164,-0.18847,-2.1678,0.54933,-1.0375,-0.47901,-0.55985,0.0011137,1
0.92729,-0.72513,2.2783,-0.89402,-1.5968,-1.184,-0.18363,-1.5549,0.37044,-0.5464,-0.1258,-0.23811,-0.25269,1
1.6334,0.35214,2.5405,-1.1716,-2.1266,-1.3912,-0.25803,-1.3425,0.96062,-0.76165,-0.42002,0.0099227,0.20588,1
2.7804,1.066,1.8549,-2.1455,-2.1724,-1.5897,0.18682,-1.1085,-0.1167,-0.83336,0.13022,-0.017082,0.4653,1
3.938,1.4109,1.0576,-3.3568,-2.1449,-1.2538,-0.11106,-1.2985,-0.9093,-0.047524,-0.081366,0.51954,0.40468,1
4.9442,1.115,0.21009,-3.9372,-2.3363,-0.57378,-0.37559,-0.93521,-1.0918,0.37424,0.3358,0.24495,-0.022845,1
5.5717,-0.085525,-0.46441,-4.0375,-2.3978,-0.24327,-0.43772,-1.2172,-1.204,1.233,-0.15682,-0.072996,-0.34418,1
5.9503,-1.2403,-1.3485,-3.1739,-2.4844,-0.29416,-0.46532,-1.103,-0.62703,1.7263,-0.47,-0.66006,-0.67168,1
6.6489,-2.3856,-2.0051,-2.4947,-2.2646,-1.0159,-0.17968,-1.383,0.17703,1.4653,-0.76867,-0.88678,-0.88498,1
7.0652,-2.7966,-2.3948,-1.9141,-2.0128,-0.36001,0.037342,-0.72573,0.4141,1.0485,-1.1309,-0.89526,-0.3831,1
7.2685,-3.1977,-2.7786,-2.0998,-2.0036,-0.4007,0.35225,-0.92583,0.15132,0.7271,-1.5855,-1.043,-0.29638,1
7.3815,-3.2762,-2.2299,-1.3964,-0.93852,0.04336,1.2681,-0.33347,0.62928,0.16276,-1.1809,-0.86161,-0.22419,1
7.5115,-3.627,-2.5171,-1.5123,-1.1852,0.0024423,0.91941,-0.36566,0.48775,-0.12722,-1.1804,-0.93995,-0.2828,1
7.5725,-3.2772,-2.9509,-1.5378,-1.3628,0.042532,0.77705,-0.35053,0.53207,-0.0028679,-0.90965,-0.77027,-0.22173,1
7.5965,-3.2857,-2.7424,-1.5637,-0.88868,0.22444,0.78173,-0.12992,0.34468,-0.15242,-0.9584,-0.79436,0.035959,1
7.4702,-3.8185,-2.9249,-2.5817,-1.1187,0.1045,0.24071,-0.45615,-0.071158,-0.27372,-1.2829,-0.86425,0.019255,1
6.9231,-2.8128,-1.6349,-2.0168,-0.4564,0.51734,0.71726,0.18513,-0.074545,-0.58204,-1.2045,-0.38503,0.18298,1
6.231,-2.5805,-2.7439,-2.2633,-1.2249,-0.58293,0.13436,-0.15281,-0.49184,-0.43973,-1.5915,0.11037,-0.32364,1
5.4558,-3.1686,-2.5617,-1.346,0.12797,-0.97225,0.24161,-0.44739,-1.5086,-0.53449,-1.1344,-0.31124,-0.39291,1
5.1513,-4.4945,-1.354,-0.6912,1.3885,-0.45964,0.67247,0.76523,-0.92673,-0.62638,-0.5688,-0.81143,-0.27539,1
5.157,-4.6191,-0.96978,-1.1171,0.38296,-1.216,0.28447,0.22329,-1.2319,-0.9717,-0.096122,0.069309,-0.93375,1
5.5382,-4.7334,-1.1944,-0.9974,0.16253,-1.2981,-0.081065,-0.18396,-1.7669,-1.5708,-0.59769,0.28484,-0.95605,1
5.3833,-5.0389,-0.64004,-0.91371,0.625,-0.089881,0.3284,-0.048072,-1.7217,-0.97875,-1.5133,0.81903,-1.1691,1
4.3957,-4.2255,-0.35929,-0.14914,-0.20425,-0.7158,-0.11949,-0.22634,-1.3269,-0.94744,-1.3612,0.49363,-1.3513,1
4.19,-2.5616,0.25485,-1.0475,-0.79162,-1.5966,-0.7716,0.048403,-0.73249,-0.37177,-1.5036,-0.059409,-1.4764,1
4.9339,-2.4837,0.25432,-0.34729,-2.3952,-2.0744,-0.18728,-0.33558,-0.51547,0.35084,-1.4164,0.017953,-1.1933,1
5.6494,-3.5156,0.21294,-0.038904,-2.352,-2.4772,-0.6049,0.1982,-1.0217,0.39876,-1.0029,0.22962,-1.3597,1
6.4256,-4.2419,0.20132,-0.032566,-2.4417,-2.3626,-0.74536,0.21724,-1.5285,0.65457,-1.2931,0.49747,-1.2099,1
5.5283,-3.4324,-0.27427,0.32208,-2.1992,-2.3639,-0.81913,0.11893,-1.8094,0.30812,-1.2058,0.65187,-1.0215,1
3.3191,-1.9695,0.25798,0.20515,-0.85909,-2.7709,-0.65969,-0.25829,-1.8012,-0.41127,-0.89906,0.65455,-0.75252,1
0.32338,-1.413,1.7293,0.8416,-0.60832,-1.4934,-0.38486,-0.95342,-0.14145,-1.2572,-0.67752,-0.51017,-0.40743,1
-0.065628,-2.038,1.0745,-0.072168,-0.49496,-0.96643,-0.34147,-1.2404,-0.041786,-1.0414,-0.79956,-0.62134,-0.49057,1
-0.52724,-2.1439,1.4225,0.47614,-0.21056,-0.67356,-0.78155,-1.3116,0.52794,-0.8798,-1.036,-0.32159,-0.53366,1
-0.58824,-2.1518,1.3911,0.48298,-0.311,-0.60001,-0.44464,-1.1667,0.18959,-0.9783,-0.83968,-0.60716,-0.81006,1
-0.64849,-2.8045,1.0256,0.55697,-0.71612,-0.37331,0.23352,-0.41997,0.53506,-0.73317,-0.82449,-1.1312,-0.95949,1
-0.97342,-2.6683,1.1317,0.50905,-0.75787,-0.34009,0.36282,-0.32199,0.42031,-0.57457,-0.4978,-0.96196,-0.61983,1
