-0.81101,-7.2382,1.5429,-0.64774,1.4271,0.61356,0.36516,0.088906,0.47031,0.98844,0.044692,0.20817,0.5114,0
-0.37028,-7.1336,1.8856,-0.34316,0.96733,0.32763,0.42988,0.50479,0.41533,0.28804,0.086109,0.6269,0.78115,0
0.59659,-8.3059,1.6943,-0.66611,0.34967,-0.17425,0.82077,1.2611,0.41653,0.5005,0.57163,0.45316,0.64465,0
1.4585,-8.1957,1.8454,-1.1496,0.8266,-0.51313,0.067443,0.25637,0.115,-0.10915,0.085991,0.69064,0.33769,0
2.0824,-8.667,1.1995,-1.124,1.2445,-0.10251,0.99867,0.57174,1.0384,0.17564,-0.032857,0.53229,0.32941,0
1.9996,-8.5369,1.3252,-0.64902,1.2954,-0.17102,0.78212,-0.14486,0.18813,-0.1401,0.67831,0.59122,-0.001105,0
2.5784,-7.7573,2.1048,-1.1125,1.0108,-0.69216,0.7215,0.16652,0.57481,0.13809,0.038214,-0.41387,-0.11564,0
2.2584,-8.6071,0.90713,-1.3752,0.12514,-0.66582,0.60558,0.25782,0.83629,0.096346,0.60317,0.47295,-0.18095,0
2.5079,-7.4638,1.4749,-1.5216,0.45438,0.14743,1.2299,0.26764,0.71946,0.12083,-0.070116,-0.3526,-0.30685,0
3.2536,-8.5685,0.90147,-2.6404,-0.13332,-0.10995,0.73737,0.84991,0.43878,0.092423,1.0353,1.2968,-0.05151,0
1.9234,-3.6784,2.5571,-0.29033,-0.28241,-0.87391,-0.46581,0.14317,-0.46968,-0.70288,0.63562,-0.14784,-0.76206,0
4.4664,-2.5205,0.65149,1.8663,-1.8334,-1.6865,-2.1699,0.30002,-0.70119,-0.30375,0.032471,-0.10077,-0.15276,0
5.3526,-3.2711,0.30972,2.234,-2.5138,-1.9022,-1.9985,0.13851,-0.7709,-0.509,0.040418,-0.15298,-0.29238,0
5.7302,-3.4552,0.57601,2.3587,-2.835,-1.8166,-2.1356,0.24684,-1.0101,-0.34682,-0.041439,-0.092822,-0.45304,0
5.5593,-3.5444,0.58299,1.9375,-2.7312,-1.6018,-2.8201,0.69833,-1.4694,-0.48164,-0.22275,0.10498,-0.68147,0
4.9344,-2.7344,-0.11785,1.7355,-2.2896,-1.2066,-2.2715,0.34793,-1.0158,-0.57407,-0.17064,0.21198,-0.46095,0
3.9894,-3.2986,0.58429,2.372,-1.8188,-1.4091,-1.4414,0.84365,-0.40608,-0.75278,-0.59057,-0.12754,-0.21149,0
1.6727,-2.5978,1.1063,1.5462,-0.64114,-1.0833,-1.3484,0.47205,0.48343,-0.14521,-0.34164,-0.27262,-0.010954,0
0.9033,-4.1985,2.0408,0.69148,-0.3768,-1.2281,-0.53021,-0.12204,-0.060593,0.33949,0.58193,0.44791,-0.71566,0
1.6812,-5.9287,1.1709,0.14062,-1.2724,-0.78946,-0.47449,-0.16958,-0.18977,0.28104,0.63824,0.58872,-0.39843,0
2.2471,-6.2013,1.7852,0.30737,-0.61537,-0.58091,-0.090599,-0.018381,0.34966,0.57519,0.10055,0.81031,0.2258,0
2.0896,-6.1321,0.0045286,0.20334,-0.14783,-0.037711,0.065925,0.23797,0.05273,0.10717,0.10151,0.2956,-0.099638,0
3.5244,-6.4973,0.75281,-0.078518,0.27237,-0.53635,-0.30934,0.90665,-0.27321,0.0098025,0.13786,0.047697,0.014142,0
3.0663,-6.7473,-0.26361,-0.61535,0.073522,-0.33704,-0.92402,0.10822,-0.17384,-0.40149,-0.11756,0.23938,0.032797,0
1.7974,-5.3105,-0.49394,-0.35694,0.36551,-0.55186,-1.0314,0.83185,0.74197,-0.19249,-0.032893,0.5386,-0.19943,0
1.616,-0.49721,0.4979,-0.87417,-0.23429,-0.72161,-0.8805,-0.68531,0.35112,-0.40534,-0.54921,-0.552,-0.52489,0
3.6252,-0.40294,-0.14143,-1.4575,-0.83501,-1.2498,-1.377,-0.41396,0.63369,0.13628,-0.94938,-0.12633,0.06337,0
4.0024,-0.38386,-0.89137,-1.284,-1.4052,-1.1644,-1.8941,-0.94669,0.68082,-0.2144,-0.95749,-0.54253,-0.089848,0
4.0681,-1.3888,-0.55668,-1.4655,-0.83741,-1.0752,-2.706,-0.93408,0.46352,0.0026133,-0.56211,-0.65291,-0.17023,0
3.6675,-0.35065,-0.78234,-1.7227,-0.39948,-2.1868,-2.0087,-1.4893,0.58975,-0.019216,-0.84022,-0.57275,-0.16948,0
2.7454,0.088131,-0.77168,-0.53146,-0.43856,-2.2201,-1.4969,-1.162,0.27112,-0.118,-0.25914,-0.75199,0.26224,0
1.601,-0.84753,-0.90726,-0.028847,0.28053,-1.7664,-1.184,-0.12413,-0.077517,-0.39579,-0.58903,-0.3204,-0.31213,0
1.6011,-1.4819,-0.84101,-0.43583,0.0088233,-2.3595,-1.3444,-0.36706,-0.48013,-0.80271,-0.50388,-1.3697,-0.65541,0
1.3023,-1.6144,-0.46652,0.0048899,-0.2677,-1.8511,-0.95975,-0.81022,0.33261,-0.55409,-0.95032,-1.1453,-0.53067,0
0.93847,-1.7219,0.24479,0.27097,0.11659,-1.5244,-1.0856,-0.93617,-0.029824,-0.22031,-0.53618,-0.84301,-0.15916,0
0.19664,-1.8318,0.94856,0.29956,0.13058,-0.94998,-0.8854,-0.91416,0.055284,-0.080658,-0.21335,-0.91618,0.017725,0
-0.53611,-2.4703,1.069,1.2785,0.47267,-0.72266,-0.51269,-0.78476,0.3939,-0.076555,-0.37365,-0.36757,-0.66361,0
-0.34113,-2.1089,0.89114,0.6747,0.3096,-1.0392,-1.4174,-0.84227,0.21493,-0.22037,-0.099087,0.10891,-0.29597,0
100,100,100,100,100,100,100,100,100,100,100,100,100,100
-2.5929,-2.889,0.29554,-0.067409,0.28635,0.20898,0.41408,0.38878,0.37271,0.16329,0.0050341,0.12431,0.44326,0
-0.099047,-7.1106,1.9788,-0.36409,0.59997,0.47685,1.2697,-0.28775,0.29888,0.31864,1.0089,0.7256,0.37813,0
-0.91929,-6.6428,1.4909,-0.18606,1.1641,0.35033,0.67672,0.22462,0.53523,0.39094,0.31544,0.49671,0.10368,0
0.40189,-7.7664,1.573,-0.75274,1.4448,0.17435,0.71546,-0.61861,0.05831,0.11542,0.76571,1.0692,0.44311,0
0.29745,-8.3033,1.0826,-1.1134,1.1995,-0.42495,0.032367,0.55472,1.3103,0.39082,-0.18997,0.7573,0.44343,0
0.84857,-9.1802,0.20764,-2.4082,1.146,-0.2939,0.67016,0.68176,1.2863,0.71016,0.0096374,0.89173,0.81689,0
0.21616,-8.2104,0.72366,-0.88475,0.98168,0.060962,0.95602,0.58971,0.67853,-0.28826,-0.19799,0.6241,0.18099,0
1.7985,-8.3283,0.58075,-2.0363,0.97024,-0.61988,0.66356,0.61103,0.516,0.13015,0.14155,0.37898,-0.035126,0
0.59693,-6.6511,1.9734,0.24954,0.91234,-0.45672,0.45155,0.91894,0.54981,-0.17273,0.4489,0.39479,0.28011,0
1.6634,-1.9316,0.83843,1.2212,-0.87599,-1.1948,-0.54747,-0.2559,-0.095947,-0.50415,0.10658,-0.12575,-0.7394,0
4.5946,-3.5108,1.8557,1.3627,-2.2341,-0.98087,-1.7031,0.15928,-0.81111,-0.38932,0.215,0.19862,-0.47549,0
4.8878,-3.7821,1.9556,1.609,-2.1834,-1.3756,-1.8676,0.52458,-0.89062,-0.42129,0.29907,0.088836,-0.43071,0
4.5962,-3.4754,2.0167,1.0573,-2.4018,-1.3412,-1.7732,0.38322,-1.0734,-0.36871,0.12517,-0.0018857,-0.34138,0
4.4006,-3.2276,1.9395,0.7945,-2.3075,-1.5503,-1.6669,0.67501,-1.1209,-0.57046,0.19021,0.069217,-0.57365,0
3.7322,-2.7708,1.5657,0.5669,-1.8622,-1.4959,-1.7181,0.64145,-0.53703,-0.79332,-0.33238,0.03267,-0.28575,0
2.3295,-2.2757,1.3602,0.1269,-0.9239,-0.96693,-0.89458,0.098111,-0.50849,-0.29291,-0.36288,-0.012901,-0.52356,0
0.58993,-2.59,0.92568,0.92187,0.82215,0.048839,-0.39609,0.35493,-0.1623,-0.69682,-0.46633,0.029501,-0.62083,0
-0.48118,-2.5619,1.7552,0.70068,0.035494,-0.2977,-0.49969,-0.77984,0.77013,-0.29113,-0.43396,-0.035199,-0.20888,0
-0.75698,-4.5643,0.82865,0.39571,-0.0093627,0.47428,-0.22391,0.20843,0.41309,0.31887,0.19088,0.16204,-0.44232,0
-1.3129,-4.9095,1.3068,-0.012789,0.27386,0.53956,-0.21112,0.19977,0.37506,0.81284,-0.34041,-0.18329,-0.5058,0
-1.2674,-4.8228,0.21678,0.64456,0.0071447,0.31316,-0.13124,0.18033,-0.020593,0.1179,0.76576,0.35134,0.11565,0
-0.34293,-5.7764,1.3666,0.22586,0.57779,0.048739,0.27248,0.015134,-0.44498,0.029553,0.3486,0.2058,-0.18231,0
-0.35966,-5.5945,0.24527,-0.42296,-0.2519,0.21232,0.47466,0.38009,0.088054,-0.36183,-0.31784,0.1148,-0.051297,0
-0.20416,-4.9699,0.053974,0.85401,0.53512,-0.055373,-0.60245,0.28835,0.26145,0.27342,-0.37953,0.16232,-0.3334,0
0.29788,-3.4702,1.4786,0.44658,0.61316,0.1983,-0.8045,-0.46498,-0.20043,-0.18167,-0.12658,0.58479,-0.97562,0
2.1961,-1.044,0.5981,-0.94856,-0.43655,-0.81379,-0.7042,-0.81907,0.91628,-0.65237,-0.78504,-0.20753,-0.40443,0
3.5227,-1.3665,0.24983,-1.3305,-0.76746,-1.249,-0.84846,-0.60992,0.56179,0.05984,-0.97986,-0.22178,0.072456,0
3.8805,-2.1214,0.3576,-1.4645,-1.0722,-1.4233,-1.7685,-0.70539,0.44513,-0.070687,-1.1389,-0.48035,0.032743,0
4.0463,-2.3319,0.42514,-1.4124,-1.6406,-1.472,-1.8092,-0.73753,0.17133,0.068438,-1.0783,-0.77027,0.13371,0
4.1396,-1.9897,0.48475,-1.2717,-1.7311,-1.1404,-1.8302,-0.55941,0.32814,0.18979,-1.0953,-0.47031,0.11933,0
4.202,-2.2214,0.1074,-1.7106,-1.6767,-1.4256,-1.9443,-0.75815,0.20951,-0.17192,-1.1262,-0.5239,-0.35966,0
4.0681,-2.0456,-0.11251,-1.9123,-1.6517,-1.414,-2.0597,-0.64959,0.1224,-0.1595,-1.3579,-0.5097,-0.3669,0
3.6498,-1.4638,-0.49463,-0.95447,-1.2685,-1.8506,-1.2402,-1.0774,0.63503,-0.17756,-1.2118,-0.24003,-0.18431,0
2.0907,-1.2467,-0.20089,-0.71433,-0.42549,-1.6997,-0.84386,-0.9363,0.65824,-0.092361,-0.76017,-0.35013,-0.18945,0
0.77098,-2.0135,0.86532,0.2185,-0.39814,-1.2915,-0.63068,-0.42486,0.088933,-0.82027,-0.34943,-0.58155,-0.15841,0
1.2344,-2.7274,0.47818,0.20646,-0.41619,-1.1389,-1.0902,-0.89983,-0.0087685,-0.77361,-1.094,-0.72909,-0.47519,0
1.0111,-2.1251,1.2114,-0.11922,-0.7243,-0.96394,-0.5838,-1.5744,0.1684,-0.89704,-0.51703,-0.11143,-0.13975,0
0.57937,-2.0309,1.2137,0.0024974,-0.22795,-0.55958,-0.5737,-1.1987,0.45746,-0.45165,-0.62901,-0.16952,-0.081675,0
-0.15776,-2.5421,0.83588,0.26419,-0.11566,-0.55904,-0.80039,-1.176,0.19568,-0.14409,-0.26331,-0.20689,-0.21358,0
100,100,100,100,100,100,100,100,100,100,100,100,100,100
1.2158,-8.1442,1.3789,-1.7417,0.95836,-0.72332,1.1666,1.0579,0.70585,0.21601,0.95991,0.38903,0.66992,0
1.1349,-8.1129,1.2175,-2.3732,1.0929,-1.1561,0.86978,1.2852,1.134,0.33261,0.89815,0.58747,0.84121,0
-1.5079,-6.2549,1.9707,-0.5174,1.0518,0.13181,0.68205,-0.012381,0.48058,0.43619,0.81544,0.024665,0.07027,0
-0.5161,-7.9218,1.4665,-0.85458,1.1207,0.18077,1.129,0.31639,0.77653,0.024657,0.67076,0.9562,0.2052,0
-0.02711,-8.1292,1.4378,-1.4739,0.56186,0.57709,1.8281,-0.3671,1.1093,-0.028967,0.54851,0.8901,0.13367,0
-1.6597,-7.602,1.7367,-0.0096589,1.5536,0.42177,0.68033,0.10425,0.52579,0.45315,0.39561,0.53043,0.45482,0
-1.3784,-6.863,1.8106,-0.1578,0.61902,0.11389,0.58709,-0.035924,0.73345,0.32407,0.042738,0.10654,0.088027,0
-0.43715,-8.0846,1.3098,-0.22045,0.66,0.80499,0.67272,-0.33582,0.76815,0.34062,-0.065152,0.71757,0.3772,0
-0.04066,-8.6461,1.2415,0.19912,1.2299,0.50907,0.43306,-0.055941,0.26703,0.058236,0.43085,0.73984,0.34506,0
-0.18317,-9.0227,0.72277,-0.43145,1.2677,0.61648,1.0103,0.81099,0.58279,0.4138,0.26194,0.095494,-0.12505,0
-0.73947,-5.7017,1.4113,-1.051,0.19957,-0.036635,0.62839,0.74541,0.34216,0.34891,0.28834,0.49025,0.26877,0
-1.5227,-2.7895,0.56335,0.25823,0.53884,0.33267,-0.0080603,-0.21729,0.20014,0.035856,-0.039985,0.31101,-0.066555,0
2.7559,-2.898,1.5154,1.2707,-0.99252,-0.77713,-1.2468,0.13182,-0.26601,-0.75996,0.12507,-0.18474,-0.15047,0
4.1301,-2.9093,1.5699,0.78697,-1.7289,-1.1998,-1.6232,0.11883,0.006173,-0.74388,-0.053067,0.40686,0.058967,0
4.2316,-2.6661,1.6104,0.83074,-1.9366,-1.5424,-1.3548,-0.019634,-0.13378,-0.86046,0.40376,0.17826,-0.20643,0
4.015,-2.2041,1.4654,0.16667,-1.6831,-1.3517,-1.4535,-0.20778,-0.042925,-0.6,0.22014,-0.17124,0.027591,0
4.1767,-2.4305,1.3891,0.34384,-2.0493,-1.3875,-1.2717,-0.1765,-0.26203,-0.34867,0.16507,-0.064749,-0.46833,0
4.0341,-2.59,1.4121,0.096674,-1.4476,-1.3977,-1.6666,-0.07077,-0.24467,-0.017197,0.17217,-0.3129,-0.64055,0
2.478,-2.061,1.504,0.38135,-0.78626,-1.1304,-1.0742,-0.067766,0.58407,-0.3175,-0.54554,-0.45662,-0.43825,0
0.69544,-2.1363,1.2176,0.74514,0.41544,0.056272,-0.32936,-0.5647,0.66263,-0.24551,-0.75529,0.020088,-0.45598,0
-0.90889,-3.0194,0.54479,0.31306,0.032413,0.013074,-0.13677,-0.38671,0.56495,0.13533,-0.31937,-0.29586,-0.75043,0
-0.92381,-3.9186,0.63325,-0.80859,0.47815,-0.21212,0.31901,0.23548,0.10715,-0.036628,-0.33586,-0.09177,-0.24221,0
-1.1312,-5.6693,0.30649,0.75974,0.9638,0.5192,0.42094,0.38918,0.26209,-0.1391,0.035133,0.26228,0.045144,0
-0.17928,-5.4131,1.2106,0.1496,0.75523,0.31169,0.152,0.44232,0.15678,0.47022,0.35309,0.16713,-0.38212,0
-0.59879,-5.0629,0.21952,0.3752,-0.088127,-0.033279,-0.40143,-0.99051,-0.37825,0.18438,0.68558,0.55231,0.058572,0
0.11621,-3.9907,0.96882,-0.13664,0.049368,-0.17756,-0.42012,0.24018,0.49666,-0.030824,0.086741,-0.038409,-0.3317,0
-0.54261,-3.786,-0.64717,-0.30949,0.084014,0.23693,0.62137,0.8055,-0.03393,-0.22972,-0.24114,-0.13949,-0.0029277,0
-0.45977,-2.7972,0.49322,0.20995,0.79544,-0.11675,-0.28339,-0.62079,-0.23851,-0.69102,-1.0341,0.070193,-0.21101,0
2.2331,-1.8307,1.0635,0.26074,-0.28325,-0.28506,-0.89572,-0.82157,0.99575,0.031562,-0.51465,-0.48592,-0.53273,0
3.4443,-1.8267,0.23144,-1.0791,-0.66321,-1.2625,-1.3666,-0.92985,0.58852,0.10515,-1.1774,-0.44415,0.0044411,0
4.1415,-2.5849,0.57871,-1.0218,-1.2788,-1.2496,-1.6857,-0.76292,0.42457,0.036252,-0.95652,-0.5275,0.37152,0
4.3201,-2.6467,0.36927,-0.84088,-1.0505,-1.4934,-2.0501,-0.77318,0.34283,0.14829,-0.94273,-0.60415,0.21002,0
4.5307,-2.7426,0.30652,-1.4778,-1.422,-1.6272,-2.2156,-1.0626,0.32497,-0.04064,-1.1935,-0.68219,0.093011,0
4.6409,-2.6351,0.43169,-1.201,-1.4802,-1.3979,-1.9008,-0.69192,0.44778,0.18661,-1.1113,-0.37042,0.074944,0
4.5704,-2.4026,0.50801,-1.3344,-1.6279,-1.4796,-1.6724,-0.64226,0.55355,0.1,-1.3241,-0.32152,0.11105,0
4.4676,-2.2798,0.17337,-1.1375,-1.5463,-1.5821,-1.3772,-0.85315,0.55974,0.16909,-1.182,-0.46024,0.03452,0
4.1001,-1.5617,0.00097965,-0.95996,-1.1036,-1.6344,-1.2415,-1.1156,0.67425,0.21428,-1.0545,-0.59022,0.37567,0
2.5862,-1.1887,-0.021372,-0.67458,-0.42408,-1.6385,-0.8529,-0.74639,0.82579,0.19104,-0.73624,-0.32091,0.524,0
0.80711,-2.3997,0.86159,0.073348,-0.3354,-0.23799,-0.17193,-0.84877,0.45481,-0.11854,-0.20427,-0.27049,-0.2488,0
1.0772,-2.6804,0.85414,0.43074,-0.53517,-1.0131,-0.82172,-0.50815,0.6737,0.0029065,-0.38223,-0.39511,-0.017576,0
1.6994,-1.9109,0.62155,-0.61787,-0.4685,-0.69007,-0.84861,-1.2542,0.73264,0.075625,-0.74576,-0.58775,-0.43695,0
1.4718,-2.0818,0.48882,-0.64608,0.024095,-0.84353,-0.88752,-0.35426,0.68162,-0.10032,-0.83597,-0.65383,-0.30828,0
0.39207,-2.4798,1.014,0.29913,-0.69321,-0.77315,-0.17029,-0.34915,0.56557,-0.35405,-0.48606,-0.68612,0.12228,0
0.85087,-2.699,1.0779,0.58796,-0.95727,-1.0144,-0.74521,-1.0863,0.61624,-0.39564,-0.56011,-0.5918,-0.11914,0
0.89749,-2.2747,1.3032,0.39271,-0.66066,-0.97825,-0.86001,-1.5002,0.27393,-0.65958,-0.37045,-0.24844,-0.21616,0
100,100,100,100,100,100,100,100,100,100,100,100,100,100
0.51722,-8.7817,1.0673,-0.90335,1.2927,0.37036,0.93479,0.035232,0.18915,0.34598,0.60771,0.5088,0.31641,0
2.7784,-8.9439,0.63916,-2.6105,0.48367,-0.49537,1.6514,0.58926,1.2837,0.13493,0.49987,0.38317,0.19503,0
1.9973,-8.6513,0.90099,-1.9824,1.047,-0.53363,0.81331,0.47943,0.504,0.44263,0.66414,0.46365,0.6148,0
1.6021,-8.5893,1.3035,-1.743,0.99392,0.1185,1.1414,-0.1375,0.45862,0.84252,0.77284,-0.37219,0.32744,0
1.2373,-8.3131,0.76825,-2.228,1.2806,0.071226,0.54865,-0.018078,0.55367,0.50431,0.60106,1.1758,-0.066889,0
0.26965,-9.1844,0.6702,-0.47467,1.0153,0.042938,0.46579,0.86008,0.1102,0.50078,0.79149,0.45242,-0.076525,0
0.33179,-7.919,2.076,0.22953,0.52364,0.36139,0.8448,0.15835,0.43086,0.14682,0.25601,0.64995,-1.1484,0
-1.5916,-4.1135,1.4508,-0.07043,0.056057,-0.19446,0.13725,0.24852,0.78746,0.71677,-0.021301,0.0071168,-0.26794,0
2.036,-2.2814,1.7925,0.97467,-0.94012,-0.8742,-1.3832,0.67121,0.083508,-0.51083,-0.032498,-0.43635,-0.91419,0
4.5187,-3.9385,1.6771,1.2794,-1.418,-1.3591,-2.1624,0.1082,-0.86764,-0.21436,0.11123,0.66086,-0.45809,0
4.5882,-4.0419,1.5602,1.2346,-1.694,-1.4365,-1.6807,0.060481,-1.0065,-0.29235,0.15606,0.70613,-0.73335,0
4.4215,-3.7375,1.776,1.0423,-2.1737,-1.346,-1.8886,-0.053273,-0.84147,-0.53659,0.064799,0.60653,-0.56114,0
4.2924,-3.3794,1.7572,1.0902,-2.2466,-1.194,-1.8309,-0.25495,-0.56928,-0.29371,0.077617,0.31117,-0.5075,0
3.9833,-3.2483,1.5888,1.11,-2.0656,-1.7485,-1.3626,-0.014007,-0.59747,-0.27533,0.071597,0.080799,-0.72764,0
2.7345,-2.5622,1.2966,0.37674,-1.6977,-1.3068,-1.133,0.020967,-0.17802,-0.4537,-0.1781,-0.36558,-0.43195,0
0.6395,-2.4817,1.2331,0.68396,-0.74336,0.008859,-0.24493,-0.23351,0.23662,-0.34612,-0.35576,-0.41756,-0.53225,0
-0.29239,-2.8887,0.85345,0.72533,0.49145,-0.17168,-0.86793,-1.4201,-0.038704,0.068208,0.48546,0.548,-0.76993,0
-2.1883,-2.837,0.86285,0.65265,0.52789,-0.061755,-0.22157,-0.42436,0.31707,0.28748,0.067856,0.18014,-0.33095,0
-2.4968,-3.4658,0.63414,0.62606,0.59448,0.27376,-0.13912,-0.056743,0.28418,-0.0097173,-0.16265,0.15744,-0.22363,0
-2.8225,-3.2137,1.3362,0.55168,0.002048,-0.19292,-0.043059,-0.29687,0.050382,0.60127,0.6259,0.51015,-0.12626,0
-1.867,-4.0951,1.2328,0.63794,1.0009,0.07839,0.020682,0.064343,0.15663,0.21495,-0.1368,0.31088,-0.030496,0
-1.6372,-3.9371,1.1466,0.42711,1.4668,0.20418,-0.41952,0.35739,0.14824,0.30916,0.28052,0.20522,-0.083524,0
-0.95828,-3.2874,0.85519,0.26566,0.42055,-0.24004,0.87274,-0.7612,-0.039348,0.26129,0.2173,0.18132,-0.88801,0
-0.26967,-2.8619,0.73031,0.72279,0.40106,0.045942,0.29854,-0.24743,-0.026454,-0.056426,-0.3711,-0.13009,-0.34374,0
-0.74703,-2.8987,0.39241,-0.03729,0.24013,0.071778,0.22822,0.13622,0.11438,0.055805,0.44293,0.44885,0.014818,0
-0.31097,-1.6098,1.3923,0.67404,0.31375,-0.12169,-0.42717,-0.95491,0.80519,-0.29997,-0.88218,-0.29923,-0.97172,0
2.8233,-1.6064,0.20566,-0.84511,-0.34033,-1.1342,-1.1359,-0.80886,0.66266,0.33486,-0.81641,-0.4862,0.078265,0
3.5389,-1.9074,0.12421,-0.68579,-0.90346,-1.2512,-1.5934,-1.1305,0.8098,0.42057,-0.95834,-0.33292,0.17535,0
3.7857,-2.073,-0.15959,-1.0854,-1.1629,-1.3365,-1.8161,-1.3246,0.7695,-0.0032124,-0.87701,-0.39515,0.10577,0
3.9131,-1.9202,-0.20523,-1.195,-1.0824,-1.7529,-1.6627,-0.9416,0.54947,0.22934,-1.0613,-0.42494,0.087612,0
4.006,-1.7351,-0.14598,-1.1561,-1.3601,-1.5477,-1.6388,-0.57561,0.80299,-0.25739,-0.71063,-0.44126,0.065489,0
4.1023,-1.7802,-0.14509,-1.2432,-1.3607,-1.6689,-1.4672,-0.27883,0.68341,0.0015272,-1.1074,-0.26976,0.13104,0
4.0255,-2.3036,-0.21257,-1.5606,-1.7874,-1.4384,-1.8823,-0.51649,0.34418,-0.13024,-1.2152,-0.4046,-0.25851,0
3.4796,-2.1846,-0.52635,-1.4348,-1.5608,-1.8765,-1.7957,-0.92514,0.38304,-0.069241,-1.567,-0.64089,-0.34247,0
2.1404,-1.5687,0.1623,-0.96049,-0.53398,-1.524,-1.4615,-1.204,0.40706,-0.29585,-0.83964,-0.59117,-0.14721,0
0.11938,-2.3052,0.90656,0.10956,-0.19973,-0.63769,-0.37556,-0.56256,0.37924,-0.28597,-0.26615,-0.32442,-0.31492,0
0.61661,-2.1257,0.89067,0.15758,-0.71261,-1.0935,-0.36483,-0.95575,0.17891,-0.11242,-0.098203,-1.4388,-0.13325,0
1.0005,-2.3297,1.0634,0.038626,-1.6757,-1.6976,-0.68021,-1.4408,0.035261,-0.49002,0.20654,-1.2729,-0.45206,0
0.5997,-2.1823,1.1086,-0.24801,-0.6023,-0.93712,-0.5302,-1.4306,0.37822,0.35826,0.64503,-0.24748,-0.035564,0
100,100,100,100,100,100,100,100,100,100,100,100,100,100
-2.5685,-8.2586,1.566,0.32654,1.1752,0.87757,1.4148,0.86194,0.45452,0.45054,1.0252,0.84049,0.18422,0
0.38077,-7.9078,1.4594,-1.2648,1.3425,0.034981,0.73943,0.41186,0.47637,0.38743,0.49381,0.33832,0.091269,0
1.3043,-8.9374,0.75046,-1.7964,1.2421,-0.15399,0.81428,0.30836,0.32826,0.60132,0.92383,0.12417,-0.74703,0
0.78078,-8.6525,1.2326,-0.97965,1.3859,0.086164,0.92445,0.47337,0.15179,0.16377,0.4699,0.013495,0.33507,0
0.88381,-8.5494,0.84928,-1.5242,1.2343,-0.07359,0.80823,0.44478,0.56272,0.3345,0.6354,0.52701,0.43647,0
0.7818,-7.8826,1.4256,-1.2756,1.3368,0.082473,0.88311,0.5381,0.64499,-0.15104,-0.0006645,0.51802,0.49131,0
-0.19688,-7.0175,1.9015,-1.0847,0.44738,-0.72574,0.62852,-0.10601,0.42953,0.049718,0.18075,0.72095,0.57073,0
-1.9125,-5.3655,1.7711,-0.71635,0.97268,-0.29749,-0.096908,-0.10026,0.064836,0.35581,0.47069,-0.12542,0.28638,0
-2.4949,-2.6073,1.0074,0.50388,0.56635,0.13124,-0.17902,-0.55709,0.22725,0.25934,0.3051,0.34107,-0.51281,0
1.3417,-2.0084,1.5384,0.8934,-0.6573,-0.90389,-1.0864,-0.080328,-0.20509,-0.60675,-0.12218,0.054478,-0.80039,0
3.4216,-2.5882,1.5488,1.4742,-1.6565,-1.3656,-1.9996,0.27633,-0.27747,-0.83337,0.716,0.13151,-0.24427,0
3.8419,-3.0423,2.0369,1.5493,-2.1625,-1.6567,-1.8451,0.26151,-0.32783,-0.37563,0.43139,-0.14889,-0.06554,0
3.8547,-2.6995,1.7781,1.0433,-2.1743,-1.3737,-1.6431,0.14686,-0.63437,-0.012017,0.66842,-0.34104,-0.27469,0
3.3684,-1.933,1.4666,0.42064,-1.6032,-1.5245,-1.1741,-0.33311,-0.32501,-0.12702,0.72805,-0.27446,-0.68239,0
3.2434,-1.9833,1.9432,0.085781,-1.932,-1.4655,-1.1063,-0.079398,-0.38164,-0.17422,0.34479,-0.15389,-0.58478,0
2.7434,-1.4735,1.5372,0.31253,-0.97941,-1.7214,-1.392,-0.50273,0.28381,-0.080593,0.30447,-0.21248,-0.99519,0
1.3747,-1.4525,1.8672,0.31048,-0.66063,-0.95155,-0.69191,-0.24513,0.42763,-0.5844,-0.39342,-0.2698,-0.43665,0
-0.30475,-1.8515,1.8044,1.0248,0.22441,-0.012304,0.0031868,-0.4865,1.0948,-0.39087,-0.89863,-0.34782,-0.44581,0
-1.998,-2.6001,0.7448,0.44341,0.11726,0.19275,0.064731,-0.34149,0.39529,-0.10514,-0.20312,-0.020989,-0.17923,0
-3.4282,-2.7423,0.43521,-0.041691,0.080042,-0.212,-0.08606,-0.22721,-0.0019624,0.26265,0.52939,-0.0025788,-0.21087,0
-4.263,-2.5836,0.635,0.13175,0.32717,0.13336,0.22535,-0.024894,0.046038,0.20409,0.437,0.11284,-0.21895,0
-4.0681,-3.6831,0.7759,0.048274,0.62476,0.95345,0.81339,0.68416,0.085584,0.096466,0.217,-0.13281,-0.51461,0
-3.1558,-5.3491,0.16303,-0.73037,0.55693,0.28807,0.32572,1.034,0.54841,0.3914,0.40943,0.43326,0.35999,0
-3.8288,-5.4383,0.058435,0.41654,0.46941,0.4062,0.53064,0.52917,0.42133,0.1273,0.64112,0.63015,0.62737,0
-2.3495,-6.2281,-0.085168,0.40719,0.88305,0.60973,1.0446,0.41538,0.33766,-0.29031,-0.13213,0.37868,-0.10374,0
-3.0237,-3.2417,-0.26467,-0.86588,0.40033,0.38514,0.58371,0.62325,-0.034107,0.021482,0.18499,-0.033625,-0.078313,0
-0.65883,-1.6282,1.4196,0.18318,-0.17044,-0.16884,0.10816,-0.94317,0.61419,-0.40816,-0.45111,-0.52186,-0.17585,0
2.7135,-0.82557,0.54644,-1.2049,-0.53583,-1.4904,-1.2143,-1.6792,1.0977,0.13471,-0.58838,-0.77665,-0.1299,0
3.674,-1.375,0.41505,-1.5597,-0.95167,-1.4195,-1.8942,-1.0421,0.62496,0.18449,-1.0225,-0.82171,0.31199,0
4.0027,-1.2399,0.17608,-2.1956,-0.86595,-1.6594,-1.984,-0.90974,0.55177,0.16545,-1.3946,-0.52944,0.016853,0
4.2343,-1.4831,-0.042683,-2.6197,-1.0961,-1.6484,-2.162,-0.86703,0.16877,0.18381,-1.3816,-0.86604,0.075004,0
4.2874,-1.0517,0.17641,-2.8294,-0.99722,-1.7627,-2.2801,-0.33417,0.15265,0.13339,-1.435,-0.75271,-0.051166,0
4.1827,-0.70576,0.12588,-2.2236,-0.78729,-2.0547,-1.7137,-0.13544,0.35556,0.19503,-1.1799,-0.54999,0.14725,0
3.8008,-0.24195,-0.44705,-2.001,-0.21918,-2.5321,-1.3552,-0.55908,0.32602,0.33077,-1.1645,-0.56623,0.18622,0
2.3605,-0.66621,-0.15159,-0.93082,-0.31822,-1.9583,-1.342,-0.86054,0.68507,-0.072354,-0.58592,-0.63213,0.028612,0
-1.0587,-2.1181,1.3891,0.81866,-0.23709,0.026878,0.20026,-0.73008,0.61053,-0.14754,0.13251,-0.092134,-0.4122,0
0.11947,-3.465,0.079201,-0.68414,-0.77636,0.0027896,0.067737,0.48465,0.97322,-0.88271,-0.37511,0.7465,0.38276,0
-0.08901,-2.2214,1.3253,0.18348,-0.30868,-1.048,-1.0024,-0.76609,1.1071,0.3935,-0.61298,-0.6284,0.39629,0
100,100,100,100,100,100,100,100,100,100,100,100,100,100
0.78117,-9.1143,0.46036,-1.5328,1.433,0.066357,0.60336,0.36997,0.43906,0.62822,0.99393,0.43092,-0.43619,0
0.026623,-8.9399,0.84268,-0.77553,1.5924,0.36162,0.86857,0.60563,0.58634,0.41216,0.28926,-0.048828,0.39507,0
0.24065,-8.483,1.17,-0.80185,1.5703,0.19955,0.70449,0.37248,0.34819,0.39181,0.44382,0.10239,0.45158,0
0.077781,-8.4248,1.3027,-0.74632,1.6735,0.46824,0.98236,0.35319,0.39902,0.084503,0.38644,0.84207,0.81374,0
-1.2259,-6.5821,2.2446,-0.55619,0.4695,-0.30895,0.49979,-0.17363,0.44235,0.17337,0.059723,0.69578,0.68793,0
-3.9626,-3.5549,1.0787,-0.25323,0.65158,0.13804,0.33023,0.15035,0.17629,0.1365,0.39703,0.16215,0.06652,0
-3.1353,-2.5429,0.70816,0.37347,0.48915,0.28377,0.26896,0.028743,0.35708,0.36296,0.46653,0.18894,-0.34607,0
1.2651,-2.0784,1.4597,1.1671,-0.46423,-0.82438,-1.4012,-0.244,0.18446,-0.61813,-0.27696,-0.0072536,-0.84724,0
3.3254,-2.6308,1.4035,1.1363,-1.4015,-1.3139,-1.8948,-0.030735,-0.17048,-0.7171,0.63261,-0.060225,-0.063262,0
3.8232,-2.9806,1.6765,1.1387,-1.9168,-1.3437,-1.7377,0.0019645,-0.30597,-0.33939,0.50299,-0.095507,0.11234,0
3.7959,-2.7488,1.7246,0.72307,-1.9089,-1.3191,-1.4792,-0.1126,-0.56581,0.023574,0.76903,-0.33899,-0.26166,0
3.3864,-2.1264,1.663,0.58348,-1.539,-1.7722,-1.1823,-0.44369,0.047214,-0.094509,0.56221,-0.48927,-0.49245,0
3.2627,-2.1215,1.7798,-0.1294,-1.4509,-1.3879,-1.2039,-0.49456,-0.26085,0.10787,0.33471,-0.35721,-0.51582,0
2.8453,-1.722,1.661,0.046306,-1.0884,-1.6071,-0.99141,-0.74407,0.24603,-0.083413,0.31514,-0.26091,-0.99394,0
1.4853,-1.4567,1.4577,0.42767,-0.80432,-0.81445,-0.48426,-0.59447,0.5071,-0.50665,-0.20519,-0.60625,-0.37963,0
-0.12406,-2.1375,1.5897,1.0767,1.0024,0.59617,-0.67279,-0.98377,1.0988,-0.34783,-1.3001,0.3162,-0.50189,0
-1.9624,-2.7725,0.62247,0.50269,0.67874,0.44831,-0.068519,-0.26767,0.53109,0.058607,-0.3708,0.10186,-0.60209,0
-3.643,-2.7475,0.41753,-0.31417,-0.18334,-0.19523,0.42072,0.054265,-0.42268,0.039749,0.79,-0.02321,0.095326,0
-4.7014,-2.6157,0.60084,0.080642,0.30946,0.21329,0.51534,0.22264,0.043752,0.20425,0.5591,0.013002,-0.17964,0
-4.8776,-2.5376,0.67635,0.14114,0.34373,0.2376,0.6052,0.3828,0.19834,0.32669,0.66383,0.14162,0.028939,0
-6.0031,-3.1423,1.2723,0.06851,0.56473,0.53376,1.0537,0.82871,0.52829,0.39652,0.82905,0.27677,0.165,0
-6.0542,-3.7173,0.35339,1.282,0.26691,0.30928,0.52171,0.99559,0.50058,0.62447,0.77595,0.36402,0.59484,0
-4.287,-5.0781,0.18474,-0.11917,0.355,0.19563,1.2218,0.41606,0.44962,0.76022,0.40948,0.23782,0.40037,0
-4.2381,-2.7226,0.43141,0.060563,0.34663,0.19728,0.29299,0.25688,0.37476,0.21208,-0.01423,-0.19932,-0.2467,0
-0.6071,-2.2035,1.0842,0.26114,-0.24963,-0.14939,0.27475,-0.52825,0.079488,-0.54049,-0.1299,-0.37961,-0.35924,0
2.6876,-1.3202,0.94754,-0.93117,-0.71116,-1.5948,-1.2659,-1.5187,1.0702,0.21966,-0.70513,-0.83628,-0.11625,0
3.6573,-1.4699,0.2836,-1.3866,-0.89428,-1.4982,-1.5795,-1.0697,0.64441,0.031897,-0.73477,-0.83694,0.32036,0
3.9868,-1.4204,0.23223,-1.9927,-0.88229,-1.5411,-1.8284,-1.1651,0.64568,0.34198,-1.2507,-0.61099,0.038177,0
4.2132,-1.6685,-0.042385,-2.4797,-1.1754,-1.8014,-2.0747,-1.1308,0.26298,0.1601,-1.4407,-0.98063,0.14667,0
4.2822,-1.3813,0.066109,-2.6088,-1.0267,-2.0975,-2.1483,-0.30972,0.070903,-0.059709,-1.2871,-0.92398,0.025539,0
4.187,-0.76904,0.072416,-2.0339,-0.71704,-1.9547,-1.4831,-0.32661,0.47068,0.16621,-0.84488,-0.59095,0.1664,0
3.8456,-0.71508,-0.43389,-1.9073,-0.47257,-2.6412,-1.483,-0.72124,0.41295,0.15526,-1.1495,-0.85674,0.18772,0
2.4875,-1.2357,0.3008,-0.71102,-0.76361,-2.0553,-1.0903,-0.83551,0.70822,-0.22909,-0.68895,-0.69386,0.31741,0
-0.91925,-2.3385,1.1487,0.86636,0.55705,0.15159,-0.5651,-1.0651,0.72606,0.18384,0.0036732,0.47138,-0.64157,0
-0.33995,-3.4603,0.034892,-0.48466,-0.3176,-0.15693,0.025815,0.83565,0.74534,-0.67968,-0.42669,0.70515,0.18659,0
-0.14822,-2.4417,0.95534,0.04982,-0.49981,-0.78178,-0.42926,-0.7841,0.65685,0.18054,0.026015,-0.3406,-0.097232,0
100,100,100,100,100,100,100,100,100,100,100,100,100,100
1.3683,-8.3976,0.75277,-2.4144,1.7003,-0.94554,0.7628,1.7371,0.94416,0.66417,0.59628,0.22517,0.62887,0
-4.5976,-3.8568,1.7256,-0.43873,1.136,0.10462,0.71399,0.43382,0.40615,0.43743,0.42454,0.35846,0.37486,0
-4.252,-8.0493,1.9709,0.84424,1.5494,0.7476,1.1528,0.61969,1.1361,0.93463,1.0538,0.58201,0.50376,0
-0.092795,-7.9256,1.4575,-1.7728,0.47738,0.91937,1.5663,-0.34586,1.4662,0.080201,0.38157,0.77547,0.080843,0
-5.2113,-4.4631,2.0397,-0.06869,0.91037,0.44367,0.87099,0.70751,0.51756,0.23521,0.58012,0.85182,0.41094,0
-2.2701,-6.7985,1.9441,-0.76125,2.4312,0.060687,0.36878,0.53215,-0.32644,0.38394,0.91015,0.76448,0.83063,0
-1.8763,-9.7839,0.62633,0.071227,1.1689,1.6279,1.3584,-0.33052,1.2224,0.5978,0.20558,0.96153,0.57654,0
-0.84916,-7.5938,1.2716,0.19603,0.52519,0.40684,0.52023,0.13633,0.40358,0.39482,0.41546,0.67006,0.574,0
-1.9272,-6.629,1.6536,0.2042,0.44946,0.26662,0.42023,0.20827,0.30512,0.18751,0.20063,0.30001,0.25233,0
-2.0366,-4.5188,2.0852,-0.62373,0.079872,0.94975,0.23053,0.42427,0.46205,0.12435,-0.29851,0.0055344,0.25133,0
-3.3417,-2.8918,0.58904,0.36556,0.77579,0.4273,0.28795,0.25944,0.50651,0.24585,-0.1495,0.31114,0.49971,0
1.1354,-2.0529,1.7594,0.68807,-0.61415,-0.32892,-0.4903,-0.8459,0.56399,-0.58225,-0.36784,-0.2386,-0.031936,0
3.9188,-3.1561,1.5309,1.1103,-1.322,-1.2863,-1.4912,0.31927,-0.13013,-0.51573,0.25549,0.16108,0.034724,0
4.1797,-2.8834,1.8625,0.90803,-1.7747,-1.8333,-1.1782,-0.002339,-0.076371,-1.0219,0.2863,0.40995,-0.05325,0
4.0898,-2.3954,1.2311,0.18869,-1.4516,-1.4168,-1.2378,-0.67393,-0.092421,-0.55833,0.39242,-0.0046735,-0.151,0
4.1847,-2.6656,1.4865,0.34487,-1.9603,-1.3149,-1.2688,-0.11345,-0.18672,-0.41423,0.27011,-0.19344,-0.13236,0
4.2367,-2.9713,1.579,0.2055,-1.7238,-1.6869,-1.4238,0.095723,-0.25304,-0.35901,0.20287,-0.18981,-0.64553,0
3.2402,-2.1013,1.2419,0.24041,-1.1285,-0.97957,-1.0633,-0.54386,0.33414,-0.21163,0.088407,-0.36867,-0.37111,0
1.3766,-1.9736,1.5002,0.62109,0.32832,-0.52649,-0.56081,-0.1153,0.9162,-0.24099,-0.77809,-0.18139,-0.32178,0
-0.25279,-2.8488,0.57964,0.52941,0.7876,0.53673,-0.0063717,-0.070616,0.59704,-0.10985,-0.89343,-0.17405,-0.43065,0
-1.9605,-2.7655,0.35459,-0.37409,0.41111,-0.079354,0.014287,-0.058482,-0.033537,-0.048737,-0.13534,-0.15733,-0.30243,0
-2.2056,-4.3051,0.53501,-0.1434,0.13507,-0.65335,0.50183,0.45068,0.43075,0.099594,-0.09858,0.35128,0.094619,0
-1.8326,-3.8498,1.1303,-0.12423,0.53515,-0.014737,0.41512,0.13933,0.25055,0.20082,0.15991,0.16277,0.21174,0
-1.4894,-3.1721,0.77907,0.042081,0.33605,0.25346,-0.22914,-0.20382,0.077545,0.38944,0.4289,0.50143,-0.2284,0
-0.97292,-3.4589,0.49941,0.22683,0.02823,-0.049203,-0.10099,-0.38788,0.024169,0.16062,0.36381,0.051695,-0.24848,0
-1.4865,-3.6245,0.40449,-0.2577,0.54859,0.099652,-0.055604,0.25288,0.41716,0.073925,-0.078709,-0.11519,0.058322,0
-1.3205,-3.4668,-0.16571,-0.12291,0.42093,0.43407,0.56772,0.49908,-0.2176,-0.39909,-0.58417,-0.61203,0.12537,0
1.507,-2.4312,0.93457,0.71606,0.25624,0.061103,-0.43064,-0.69925,0.63709,-0.16781,-0.60451,-0.088014,-0.53045,0
3.1962,-2.0161,0.71628,-0.49371,-0.60112,-0.75765,-0.95295,-0.90182,1.006,0.19479,-0.64446,-0.47509,-0.065601,0
3.8626,-2.3952,0.40316,-0.84242,-1.1035,-1.1049,-1.441,-0.8494,0.49086,-0.058729,-0.68593,-0.51814,0.15682,0
4.2342,-2.6616,0.52594,-0.87382,-1.028,-1.6052,-1.7074,-0.77294,0.52498,-0.0031566,-0.87541,-0.74867,0.21534,0
4.4612,-2.5891,0.55727,-1.3897,-1.1469,-1.3207,-1.8548,-1.0338,0.3767,-0.083306,-0.61101,-0.51142,0.14619,0
4.6228,-2.8885,0.30033,-1.3478,-1.3323,-1.694,-1.6803,-0.83423,0.2317,0.10182,-0.98511,-0.53599,0.079015,0
4.5813,-2.4449,0.10009,-1.3132,-1.5836,-1.7649,-1.6328,-0.81681,0.50979,-0.13345,-0.99564,-0.67894,0.18551,0
4.5865,-2.6582,0.524,-1.3233,-1.4207,-1.5137,-1.4478,-0.78135,0.56538,0.20643,-1.0259,-0.48112,-0.039312,0
4.3627,-2.2635,0.056294,-1.0331,-1.1685,-1.6172,-1.2241,-1.0451,0.57718,0.16528,-0.99738,-0.63779,0.33502,0
3.4606,-1.4279,-0.1334,-1.0547,-0.75521,-1.8296,-1.0672,-1.2552,0.44833,-0.074628,-0.6649,-0.77348,0.23887,0
0.8244,-2.3174,0.88258,0.27704,-0.36382,-0.19265,0.11795,-0.63478,0.45613,-0.20805,0.0079169,-0.2595,-0.24369,0
0.75405,-2.9571,0.48035,0.079685,-0.16134,-0.59475,-0.82443,-0.8221,0.50122,0.015904,-0.53098,-0.29303,-0.23213,0
1.4251,-2.1715,0.66434,-0.71371,-0.36122,-0.65297,-0.75749,-1.4842,0.37563,-0.12476,-0.60587,-0.58261,-0.62745,0
1.8004,-2.1446,0.47696,-0.84537,0.048735,-0.89581,-0.79549,-0.61594,0.5041,-0.19523,-0.75381,-0.31967,-0.43424,0
0.59646,-2.533,0.89764,0.093255,-0.66705,-0.46647,-0.076971,-0.73145,0.42935,-0.39108,-0.61886,-0.62256,0.22325,0
0.65192,-2.8574,0.67822,0.070255,-0.81901,-0.67524,-0.1572,-0.54894,0.38257,-0.3937,-0.53327,-0.69438,-0.03584,0
0.96884,-2.6642,1.0145,0.39174,-1.0292,-0.66072,-0.48062,-1.6471,0.0026217,-0.8311,-0.40922,-0.42302,-0.29349,0
100,100,100,100,100,100,100,100,100,100,100,100,100,100
1.6171,-9.5741,-0.17824,-3.2004,0.52859,0.10477,1.9246,0.65282,1.0062,0.9591,1.3003,0.6831,0.84138,0
1.9363,-8.4566,0.9289,-1.78,0.97978,0.20028,1.1085,-0.4095,0.36209,0.29929,0.58827,0.42273,0.002048,0
-0.74207,-3.2355,1.3622,0.16728,0.99528,0.15427,0.017289,-0.59546,0.5607,-0.34615,-0.80253,-0.34775,-0.71315,0
2.9725,-2.3385,1.3858,0.76106,-0.78838,-0.8139,-1.312,-0.79941,-0.1498,-0.50704,0.38447,-0.2279,-0.51234,0
4.2775,-3.2908,1.252,1.0565,-1.5272,-1.1183,-1.71,-0.82666,-0.78119,-0.60189,0.67882,0.3086,-0.068158,0
4.2507,-3.1001,1.6675,0.91499,-1.6488,-1.5663,-1.5937,-0.40285,-0.36042,-0.50242,0.41225,0.02093,-0.14924,0
4.2072,-2.869,0.87709,0.55066,-1.736,-1.801,-1.4569,-0.24098,-0.48751,-0.92584,0.4244,-0.20802,-0.049832,0
4.1893,-2.9974,1.0853,0.1686,-1.5529,-1.7277,-1.6216,-0.40535,-0.12938,-0.70083,0.017849,-0.21323,-0.1035,0
4.1398,-2.8856,0.59933,-0.10416,-1.4831,-1.838,-1.5812,0.027751,-0.47286,-0.71091,-0.15593,-0.24138,-0.054698,0
2.9642,-2.5656,0.43639,-0.066753,-1.0074,-1.1317,-0.96599,-0.45318,0.19426,-0.70897,-0.34092,-0.48765,-0.23527,0
0.91968,-2.317,0.99523,0.30019,0.055189,-0.44094,-0.41498,-0.68307,0.4793,-0.026992,-0.17848,-0.21609,-0.47329,0
-0.83549,-2.8436,0.32701,0.056094,0.37256,0.20317,0.092757,0.017264,0.30459,0.04349,-0.17125,0.071154,-0.035014,0
-2.8495,-2.7843,0.66953,0.2441,0.25098,0.22004,0.402,0.13546,0.44618,0.005624,-0.20154,0.097928,0.21997,0
-3.81,-3.4413,0.90539,-0.099838,0.47236,-0.019053,-0.13591,-0.47274,-0.099654,0.40452,0.59035,0.22211,0.074797,0
-3.1337,-3.3247,0.58329,-0.16925,0.4034,-0.025275,0.11853,0.49271,0.038046,0.071644,0.1007,-0.23065,-0.05749,0
-2.6042,-3.6619,1.7229,-0.5108,0.6073,0.47017,0.20318,0.466,0.23387,0.28376,0.21752,0.15982,-0.022043,0
-1.9621,-2.8815,0.31955,-0.1744,0.11979,0.0026682,0.034482,-0.024236,-0.046986,0.0046842,0.10017,-0.021364,-0.15404,0
0.55223,-2.5301,0.73019,0.30977,-0.023512,-0.22768,-0.52256,-0.87167,0.54171,-0.11532,-0.4863,-0.34833,-0.73958,0
3.291,-2.0052,0.15122,-0.87668,-0.68532,-1.0703,-0.90245,-1.197,0.95039,0.13759,-0.68875,-0.37705,-0.28902,0
3.8951,-2.2717,0.041543,-1.2774,-0.90106,-1.5827,-1.14,-1.2621,0.48332,0.032784,-1.0617,-0.65669,0.21354,0
4.2355,-2.7881,0.075866,-1.2671,-1.1363,-1.8023,-1.93,-1.1856,0.21035,-0.16373,-0.69976,-0.68999,-0.081296,0
4.6391,-3.1868,0.18898,-1.2559,-1.0805,-1.5485,-1.9103,-0.67969,0.40407,0.081569,-0.80398,-0.55848,-0.093668,0
4.5431,-2.8416,-0.065102,-1.0634,-1.2604,-1.6841,-1.7149,-0.6943,0.5842,-0.13186,-0.89979,-0.48753,0.057895,0
4.5616,-3.0967,-0.67346,-1.4147,-1.4739,-2.0181,-2.0306,-1.188,0.19651,-0.28892,-1.0409,-0.86819,-0.35152,0
4.5196,-3.3285,-0.31305,-1.4891,-1.4606,-2.2268,-2.1126,-0.93614,0.25104,-0.24615,-1.3003,-0.68344,-0.20203,0
4.3135,-2.7945,-0.62289,-1.1435,-1.4663,-1.9839,-1.7038,-0.89697,0.34173,-0.029655,-1.1697,-0.95431,0.24256,0
3.697,-2.4544,-0.59556,-1.2023,-1.0114,-1.6161,-1.3656,-1.3122,0.35239,-0.03161,-0.91766,-0.69907,0.13348,0
2.3621,-2.5393,0.20041,-0.82134,-0.69887,-1.2664,-0.98967,-1.41,0.031143,-0.20231,-0.56718,-0.88597,-0.12271,0
1.1356,-3.1332,0.4725,0.25696,-0.7169,-0.86017,-0.66736,-0.79474,0.075548,-0.23135,-0.31231,-0.78308,-0.22104,0
0.77469,-2.7975,0.54998,-0.073851,-0.52195,-0.78796,-0.59128,-0.91606,-0.073212,-0.3481,-0.10293,-0.3564,-0.27559,0
0.87967,-3.1623,0.22349,-0.3044,-0.57252,-0.66643,-0.62814,-1.1786,-0.6481,-0.69049,-0.22583,-0.38236,-0.56286,0
0.56327,-2.5619,1.0708,0.22356,-1.0166,-0.6554,0.029365,-0.90425,-0.04653,-0.13432,0.63944,-0.40957,-0.5096,0
100,100,100,100,100,100,100,100,100,100,100,100,100,100
-1.0892,-8.7579,0.83393,-0.33022,1.3025,1.1973,1.3166,-0.10504,0.96489,0.57599,0.26403,0.92761,0.18037,0
-3.3416,-7.7889,1.5021,0.41732,1.4231,0.69677,0.88998,0.71674,0.75735,0.67783,0.77345,0.70858,0.70686,0
-1.8662,-5.2297,1.441,-0.37156,0.1384,0.17682,0.30345,0.072609,0.1127,0.17959,0.34612,0.33175,0.40493,0
-2.375,-6.8519,1.4427,-0.87851,1.2982,0.15243,0.45129,0.29399,0.33066,-0.022868,0.13106,0.9979,0.34434,0
-1.9728,-4.1038,1.2899,-0.42268,0.55998,0.095705,0.37113,0.30423,0.22817,0.10442,0.35641,0.25528,0.43961,0
-1.538,-6.1614,1.4354,-0.46251,0.95674,0.25706,0.3534,0.2024,0.54679,0.30915,0.36731,0.17527,0.42682,0
-3.2895,-3.3386,1.2256,-0.51918,-0.28355,0.12626,1.2196,0.88471,-0.15347,0.22826,0.65831,-0.22206,0.09657,0
1.172,-2.4341,0.97043,1.4446,-0.15338,-0.77535,-1.0657,-0.49972,-0.23194,-0.38891,-0.39599,-0.13551,-0.72258,0
3.9216,-3.8236,1.7299,1.1778,-1.0849,-1.6607,-1.5584,0.11628,-0.97101,-0.17582,0.059573,-0.017174,-0.50322,0
3.5423,-2.7092,1.7604,0.83815,-0.63358,-1.8897,-1.2829,-0.43085,-0.80848,-0.26358,0.63156,-0.018534,-0.14867,0
3.5872,-3.0896,1.4989,0.79954,-0.70705,-1.6737,-1.4462,-0.3947,-0.82713,-0.49035,0.53701,0.32461,-0.22551,0
3.1089,-2.9098,1.8277,0.27798,-1.4013,-1.3813,-0.96585,-0.75474,-0.062635,-0.29311,-0.15691,-0.19663,-0.65706,0
2.1271,-2.3521,1.1461,0.12809,-0.22037,-0.94601,-1.2075,-0.59952,0.17476,-0.37396,-0.043021,-0.092298,-1.0444,0
0.54612,-2.6739,0.96254,0.94637,0.55815,0.26066,-0.44864,-0.64987,0.70709,-0.18511,-0.88826,-0.079411,-0.71294,0
-1.3162,-2.7481,0.57582,0.25829,0.31334,0.2518,0.21961,-0.01396,0.39977,0.014281,-0.17629,-0.097416,-0.34262,0
-3.0284,-2.9273,0.50461,0.17925,0.48708,0.42196,0.56187,0.37822,0.35384,0.10632,-0.059033,-0.36681,-0.66915,0
-3.3803,-2.785,0.59189,0.23915,0.60583,0.64194,0.87751,0.83248,0.7201,0.1021,-0.42197,-0.48982,-0.17138,0
-2.4922,-2.8216,0.46129,-0.015237,0.35584,-0.15219,-0.41036,-0.5956,-0.29719,0.22841,0.79041,0.60231,-0.14475,0
-3.1412,-2.6703,0.69278,0.15713,0.32528,0.0062829,0.35048,-0.1542,0.034835,0.19958,0.81878,0.26285,-0.19524,0
-2.8578,-3.0244,0.10472,-0.26721,0.27048,0.029043,0.11714,0.087794,-0.011304,0.1698,0.29931,0.06259,-0.26626,0
-3.0651,-2.7835,0.34711,-0.048475,0.24872,-0.014481,-0.07033,-0.20581,-0.035195,0.045452,0.18179,0.14021,-0.12092,0
-2.5073,-2.5408,0.69213,0.29068,0.34115,0.15668,0.073944,-0.26525,0.030244,0.026867,0.2712,0.21293,-0.087956,0
1.5927,-1.9218,0.68453,-0.54549,0.058498,-0.65771,-0.76621,-0.48884,0.13688,-0.66451,-0.97569,-0.30785,-0.52275,0
3.8842,-2.7567,0.38843,-0.92009,-0.96856,-1.3713,-1.4647,-0.6053,0.49214,0.066052,-1.0438,-0.14188,0.060536,0
4.3462,-3.1715,0.27712,-0.89572,-0.89629,-2.1904,-1.8781,-0.79677,0.27914,-0.027903,-0.9692,-0.34881,-0.015046,0
4.796,-3.3043,0.3676,-0.9878,-0.60188,-2.012,-2.0816,-0.44533,0.25279,0.33922,-1.0135,-0.083433,0.11689,0
4.8333,-3.3076,0.56438,-1.4156,-0.84857,-1.7805,-2.4123,-0.75078,0.3545,0.11583,-1.0511,0.090055,-0.2178,0
4.8565,-3.4821,0.45164,-1.4285,-1.1332,-1.8157,-2.3573,-0.72867,0.16115,0.1983,-0.9907,-0.30735,-0.10778,0
4.8012,-3.3219,0.32643,-1.7427,-0.79611,-1.9608,-2.5081,-0.85139,0.16457,0.29014,-1.2263,-0.33123,-0.21398,0
4.6188,-3.1403,-0.082614,-1.5615,-0.81902,-2.0745,-1.9135,-1.1023,0.17843,0.49988,-1.1304,-0.046967,-0.43317,0
3.9981,-2.2322,-0.43961,-0.92687,-0.75666,-2.0826,-1.4924,-1.5232,0.58261,0.45039,-0.96341,-0.42006,-0.13148,0
2.24,-2.1919,0.098259,-0.88651,-0.6396,-1.5413,-1.0204,-0.6375,0.59957,-0.23639,-0.79122,-0.70075,0.12491,0
1.9736,-2.0728,0.78048,-0.69142,-0.88318,-1.4836,-0.74011,-0.7407,0.34554,-0.39437,-0.5549,-0.57216,0.027423,0
2.1931,-2.8186,0.28323,-0.75433,-0.57806,-1.2161,-0.86749,-0.98272,0.17517,-0.059918,-0.22529,-0.4814,-0.45215,0
1.2282,-2.6508,0.5916,-0.49747,-0.66451,-1.0239,-0.5679,-1.1602,-0.2025,-0.085278,0.52212,-0.092213,0.13062,0
1.5351,-2.7748,0.21015,-1.4596,-0.63815,-1.6549,-0.78875,-0.54507,0.36581,0.68469,0.62006,-0.36398,0.52199,0
0.84054,-3.0342,0.47607,-0.34787,-1.0126,-1.2536,-0.90987,-1.5276,-0.19221,-0.039126,0.6662,-0.082689,-0.12617,0
100,100,100,100,100,100,100,100,100,100,100,100,100,100
1.8495,-8.8881,0.86374,-1.8123,0.20617,-0.21888,1.4561,0.2806,1.3017,0.20698,0.46558,0.27768,0.43895,0
0.90806,-8.7227,1.1867,-1.026,1.3417,0.032195,0.57339,0.052558,0.82474,0.46483,0.47775,0.30718,-0.085503,0
0.75076,-8.2418,1.3562,-1.1468,1.0168,-0.025723,0.91204,0.24908,0.53268,0.12703,0.52574,0.40456,0.69057,0
-0.089275,-8.2542,1.0658,-0.50755,1.9146,0.52102,0.68081,-0.32233,0.60385,0.36843,-0.044165,0.25948,-0.20655,0
-1.4439,-8.9116,0.59355,-0.2201,1.643,0.40213,0.40127,0.77588,0.49729,1.0013,0.5976,0.21688,0.13884,0
-1.6731,-6.7958,1.3773,0.2425,0.82686,0.41378,0.55898,0.20606,0.29652,0.51781,0.31195,0.49761,0.12075,0
-2.5511,-2.703,0.43332,-0.1348,0.09606,0.036354,0.46198,0.22453,-0.040218,0.036649,0.34043,-0.092367,0.10922,0
1.993,-2.4339,1.2066,0.65014,-0.74307,-0.69459,-0.71374,0.081278,0.14291,-0.36594,-0.24084,-0.42455,-0.40303,0
4.3474,-3.8738,1.6842,1.0888,-1.5712,-1.2424,-1.781,-0.066496,-1.0123,-0.44171,0.43829,0.67791,-0.38319,0
4.4834,-4.0638,1.2289,0.98454,-1.4274,-1.1616,-1.5773,-0.34181,-0.97894,-0.26617,0.43345,0.52395,-0.53923,0
4.3142,-3.7927,1.4334,0.77121,-1.8643,-1.1535,-1.6693,-0.74938,-0.74969,-0.34083,0.23177,0.11898,-0.20333,0
4.1933,-3.4926,1.5991,0.54533,-1.8705,-1.2644,-1.5774,-0.48334,-0.33596,-0.59331,0.2451,0.29417,-0.61462,0
3.9197,-3.3327,1.572,0.70101,-1.9035,-1.4029,-1.3426,-0.48893,-0.13099,-0.44942,-0.074805,0.045804,-0.36784,0
2.7115,-2.6445,1.1266,0.2331,-1.3379,-1.225,-1.0642,-0.37289,0.051359,-0.47772,-0.063991,-0.32236,-0.55537,0
0.85416,-2.6946,0.73801,0.52523,0.18741,-0.046582,-0.78263,-0.5166,0.79102,-0.03552,-1.0547,-0.4363,-0.73331,0
-0.32632,-2.7662,0.61656,0.29095,-0.00088733,-0.20865,-0.44437,-0.79644,0.28371,-0.069487,-0.13981,0.032019,-0.28199,0
-2.2668,-2.8965,0.30226,0.0086793,0.35882,0.14622,0.070908,-0.034409,0.19288,0.10978,0.072189,0.046494,-0.33747,0
-3.6647,-2.7236,0.47944,0.14419,0.50713,0.41411,0.51856,0.43234,0.41514,0.1001,-0.11992,-0.14082,-0.090695,0
-3.3473,-2.7242,0.42231,-0.41628,-0.23531,-0.06694,1.0402,0.73496,-0.04217,0.39009,1.1914,-0.04059,0.41279,0
-3.1241,-2.6636,0.52073,0.10662,0.42197,0.34658,0.54638,0.42571,0.35714,0.17806,0.11276,-0.026311,-0.036783,0
-2.9449,-2.7628,0.64373,0.50889,0.94193,0.72823,0.43442,0.46685,0.95912,0.48668,-0.088752,0.28261,-0.38651,0
-1.7489,-2.883,0.48952,0.23629,0.4909,0.33091,0.20229,0.30686,0.15123,-0.090231,-0.088381,-0.0014429,-0.46341,0
-0.35299,-2.5371,0.71639,0.4153,0.70724,0.088702,-0.24086,-0.18505,-0.061765,-0.029662,0.17861,0.21127,-0.32571,0
-0.8536,-2.8666,0.31604,-0.028221,0.17563,0.16091,0.3418,0.24122,0.35346,0.17299,0.20834,0.24869,0.25885,0
-0.21053,-2.145,1.0292,0.5774,0.49795,0.13454,-0.38782,-0.69915,0.64186,-0.30669,-1.1737,-0.28658,-0.82581,0
2.8022,-1.8486,0.54546,-0.566,-0.50454,-1.6602,-0.63772,-0.78215,0.88759,0.040638,-0.74812,-0.61918,0.035007,0
3.6056,-2.4058,-0.048683,-0.85485,-0.78118,-1.2996,-1.4797,-1.0357,0.57671,0.11408,-0.52725,-0.50727,0.15183,0
3.7365,-2.1642,-0.086056,-1.0985,-1.0702,-1.4856,-1.7619,-1.4047,0.73868,-0.03876,-0.64189,-0.52537,0.089187,0
3.9673,-2.5633,-0.43378,-1.2226,-1.372,-1.9753,-1.6247,-1.2841,0.44626,-0.38189,-0.7088,-0.63272,-0.16687,0
4.057,-2.1668,-0.087331,-1.0666,-1.3731,-1.6616,-1.4232,-0.59901,0.65076,-0.14778,-0.69578,-0.57132,0.23147,0
4.0874,-2.0557,-0.1524,-1.3578,-1.3809,-1.9026,-1.3049,-0.62116,0.64123,-0.15488,-0.93122,-0.53737,0.10915,0
4.0881,-2.7844,-0.59105,-1.4291,-1.9214,-1.7839,-1.7186,-0.61068,0.19664,-0.49496,-0.96348,-0.7001,-0.18453,0
3.5047,-2.3137,-0.23445,-1.551,-1.1765,-1.6549,-1.6745,-0.81002,0.57129,-0.22902,-0.90365,-0.6687,-0.42849,0
2.3389,-2.331,0.18901,-0.33643,-1.0467,-1.441,-1.2273,-1.28,0.38091,-0.46928,-0.54728,-0.62799,-0.12534,0
0.0096374,-2.5151,0.96978,0.49011,-0.31319,-0.44806,-0.50799,-0.7816,0.74063,-0.10835,-0.71776,-0.5107,-0.094832,0
0.79586,-2.7531,0.70898,0.18913,-0.50257,-0.87402,-0.72484,-0.833,0.24506,-0.28355,-0.4994,-0.69477,-0.17215,0
1.1997,-2.9134,0.41146,-0.5007,-0.89802,-1.1609,-0.91158,-1.4526,-0.059542,-0.40695,-0.227,-0.51756,-0.51051,0
0.55196,-2.5033,0.95722,0.010821,-0.72957,-0.92794,-0.41391,-1.0579,0.25057,-0.0066125,0.5855,0.057386,0.0055351,0
100,100,100,100,100,100,100,100,100,100,100,100,100,100
0.088296,-1.3841,1.5712,0.015122,-0.76155,0.031338,0.52045,-0.47337,0.64802,-0.53744,-0.8289,-0.2609,-0.073836,1
2.3154,-0.54486,2.0853,-1.0141,-2.6048,-0.67925,1.0041,-0.57368,-0.35678,-0.3209,-0.16291,0.055439,0.21964,1
2.6113,-0.33944,1.8614,-1.3236,-2.1173,-0.62629,0.52321,-0.82298,-0.57581,-0.063947,-0.19655,-0.39704,0.7933,1
2.9695,0.017482,2.023,-1.6704,-2.1124,-0.61649,0.081679,-0.74091,-0.43142,-0.31661,-0.012824,-0.10527,0.7516,1
3.4191,0.37424,1.7174,-1.8568,-2.1584,-0.47397,-0.074863,-1.093,-0.27123,0.16148,0.2533,0.10343,0.24572,1
3.6951,0.30315,0.96286,-2.1105,-1.8067,-0.36888,-0.053453,-1.3609,-0.41026,0.67904,0.78666,-0.41144,-0.32852,1
4.1769,-0.13819,-0.54269,-1.6749,-1.3702,-0.21513,-0.49978,-1.3774,0.16781,1.0092,0.35988,-1.0577,-0.89111,1
4.4731,-0.9919,-0.77902,-1.3679,-1.4088,-0.21123,-0.95124,-0.85692,0.55524,1.1029,-0.21414,-1.4535,-0.39575,1
4.8315,-0.51693,-1.6446,-1.5444,-1.0998,-0.24186,-1.2117,-0.46206,0.73066,1.1163,-0.81088,-1.5719,0.022338,1
4.6586,-1.1546,-1.4895,-1.4,-1.3281,-0.11285,-1.0071,-0.23041,1.0593,0.31792,-1.1612,-1.4629,0.17837,1
4.8813,-1.9394,-1.4435,-1.1155,-1.6446,0.25292,-1.3368,0.16633,0.78822,0.171,-1.1898,-1.3871,0.32499,1
5.0559,-2.6979,-1.3817,-1.1847,-1.7263,-0.14945,-1.0939,-0.024036,0.39689,0.038842,-1.2823,-1.353,0.55032,1
4.9112,-2.6487,-1.3276,-1.3714,-1.3241,-0.22635,-1.3119,0.028781,0.35742,-0.32005,-1.5213,-1.084,0.50554,1
5.1269,-2.8924,-1.3106,-1.436,-1.3603,-0.35691,-1.2708,0.19188,0.23836,-0.33743,-1.6707,-0.93106,0.73204,1
4.9776,-2.9361,-1.4893,-1.6409,-1.0955,0.065945,-1.1629,0.25094,-0.11634,0.036337,-1.3859,-0.64992,0.47611,1
3.7242,-2.2209,-1.6595,-0.6282,-0.61116,-0.76502,-0.033785,0.65592,0.66878,-0.54891,-0.94854,-0.4496,-0.10319,1
3.2868,-1.0197,-0.73334,-1.4594,-1.254,-0.75633,0.90823,0.78203,-0.37962,-0.84721,-0.42779,-0.71633,-0.086416,1
2.3125,-1.5456,-0.75637,-1.037,0.12059,0.18139,1.1215,0.41571,-0.50744,-1.2734,-0.86959,-0.13854,0.52802,1
1.825,-3.3181,-1.2414,-0.5387,-0.27189,0.30002,1.7543,1.2406,-0.57354,-0.63984,-0.64094,-0.52069,0.11766,1
1.5696,-3.2684,-1.4639,0.33779,-0.027187,0.57784,1.0962,1.2284,-0.197,-0.55423,-0.33571,-0.52935,-0.23273,1
2.1078,-5.0348,-2.5381,0.38612,0.50558,0.45207,0.81885,0.75021,-0.29167,-0.47097,0.16979,0.41979,-0.28173,1
1.9569,-3.5082,-2.0524,-0.2531,-0.50917,-1.0117,0.67526,1.5266,-0.65453,-0.67731,0.36223,0.30331,-0.14888,1
1.0263,-4.3379,-2.297,-0.67346,-0.78796,-0.32883,0.67743,0.66276,-0.52416,-0.095794,0.16754,-0.13532,0.28273,1
1.0054,-4.0347,-1.587,-0.59995,-0.68143,-1.4449,0.15332,1.0221,-0.19279,-0.50798,-0.37719,-0.33327,-0.094779,1
2.4965,-0.90626,-0.2711,0.14077,-0.92662,-2.2137,-0.098742,0.75398,-0.30756,-0.85887,-0.50105,-0.6542,-0.48226,1
4.083,-2.3072,-0.7124,-0.066868,-1.2091,-2.6685,-0.77176,0.18567,0.19991,-0.49735,-0.24875,-0.50027,-0.53218,1
3.6698,-1.8637,-0.37812,-0.49431,-1.6109,-2.265,-0.69575,0.26386,0.15223,-0.56373,-0.43773,-0.31491,-0.55871,1
3.2235,-1.7635,0.42346,-0.67264,-1.6193,-2.3465,-0.55474,-0.076429,-0.13871,-0.54052,-0.3072,-0.20941,-0.56352,1
1.9569,-1.6154,1.1609,-0.12097,-1.1682,-2.0388,-0.92012,-0.64167,-0.069642,-0.7612,-0.59428,-0.3091,-0.5848,1
0.40938,-1.7339,1.736,0.54729,-0.53916,-0.73939,-0.5721,-1.5286,0.54028,-0.8407,-0.64186,-0.3648,-0.49611,1
0.34469,-1.6068,1.8407,0.3408,-0.86941,-0.85707,-0.24707,-1.8584,0.043947,-0.81702,-0.024572,-0.36601,-0.33345,1
-0.076424,-2.1695,1.6288,0.61228,-0.60998,-0.566,-0.71557,-2.3846,-0.039299,-0.6976,0.094766,0.041592,-0.53628,1
100,100,100,100,100,100,100,100,100,100,100,100,100,100
0.96826,-1.2184,1.8343,0.029412,-1.3162,-0.8316,0.40227,-0.53669,0.9967,-0.92455,-0.88071,-0.81801,-0.19623,1
1.9536,-0.62892,1.757,-1.0251,-1.5725,-0.76967,0.54355,-1.019,-0.09705,-0.58296,0.15931,-0.13649,0.45117,1
2.2387,-0.68578,1.5048,-1.1852,-1.0501,-0.60821,0.42886,-0.73197,-0.70482,-0.6465,0.36959,0.33172,0.66257,1
2.3083,0.094703,1.4463,-1.6089,-1.2968,-0.82773,0.5088,-1.3875,0.13027,-0.46354,0.28737,0.12878,0.50468,1
2.9359,-0.26636,1.2037,-2.039,-1.6079,-0.36146,-0.21997,-1.0615,-0.1584,-0.48779,0.94378,0.41424,-0.3995,1
3.2109,-0.23824,1.1681,-2.4216,-1.6231,-0.17264,0.1663,-1.5768,0.20283,0.73657,0.5247,-0.096353,-0.47035,1
3.0524,0.23807,0.18661,-2.5327,-0.48701,-0.57932,0.0043038,-0.90045,0.3579,0.78415,0.46041,-1.021,-0.71771,1
3.575,-0.39593,-0.27625,-1.89,-1.2164,-0.5752,-0.0057101,-0.77563,1.0163,0.63808,-0.41213,-1.5188,0.1018,1
3.8557,-0.28198,-0.88744,-1.8898,-0.80636,-0.68742,-0.075789,-0.48514,1.4081,0.49197,-0.7761,-1.3353,0.053647,1
4.0533,-1.3328,-0.87249,-1.4901,-0.73901,-0.73219,-0.47188,0.1392,1.0825,0.44275,-1.0438,-1.0624,0.12772,1
4.2909,-1.9564,-1.541,-1.2074,-1.1158,-0.32016,-0.967,0.22314,0.96022,-0.12205,-0.90594,-1.1357,0.064444,1
4.4925,-2.3886,-1.6571,-1.16,-1.1306,-0.39399,-0.70735,0.42042,0.90899,-0.18343,-1.4759,-0.7742,-0.093666,1
4.5981,-2.6613,-1.6283,-1.1673,-0.97228,-0.3973,-0.70624,0.35441,0.5741,-0.16862,-1.3347,-0.7726,-0.12328,1
4.7394,-3.0242,-1.831,-1.0064,-1.1066,-0.29394,-0.84492,0.41686,0.66086,-0.29195,-1.3328,-0.78065,0.17626,1
4.6985,-3.2502,-1.7235,-1.2454,-1.2443,-0.46887,-0.71944,0.25469,0.24666,-0.63463,-1.615,-0.57758,0.40645,1
5.2085,-3.5756,-2.2701,-1.2375,-1.4124,-0.44542,-0.82349,0.3,0.11183,-0.66369,-1.5931,-0.77777,0.73611,1
4.6811,-2.465,-2.3035,-1.7794,-0.99725,-0.78263,-0.2996,0.67838,0.10568,-0.52413,-1.3571,-0.44638,0.65365,1
2.6731,-2.9771,-2.1437,-0.93393,0.13453,-0.20717,0.83022,1.4972,0.40192,-0.32787,-1.0231,-0.51654,0.099293,1
1.1445,-3.8264,-1.7216,-1.0823,0.020944,-0.40842,0.32269,0.6034,-0.27268,-0.44752,-0.6612,-0.51111,-0.58493,1
1.5481,-5.0377,-2.6505,-0.72963,0.56612,0.3386,1.2677,1.1715,-0.7908,-0.51389,-0.07517,0.054396,0.2564,1
1.0571,-4.9476,-2.252,0.33571,0.79585,0.31871,0.49253,1.4944,-0.52416,-0.82586,-0.23404,0.03662,0.25346,1
1.708,-5.6449,-2.2772,0.41287,0.3668,-0.73716,0.30985,0.82807,-0.32634,-0.28566,-0.31252,-0.21658,-0.077597,1
1.0859,-4.5773,-2.1599,-0.043619,0.26413,-0.39516,0.48331,1.1721,-0.37267,-0.12049,-0.50368,-0.57085,0.23252,1
1.621,-4.7391,-2.0244,-0.32475,0.36705,-0.47109,0.3608,1.3996,-0.52117,-0.47631,-0.84975,-0.43387,-0.30476,1
1.1077,-4.9876,-2.005,-2.1692,-0.77564,-0.37651,1.5685,2.0531,0.32334,0.14592,0.041351,-0.48949,-0.22133,1
0.020701,-3.8287,-1.0889,-0.77284,-0.61927,-0.45042,0.75414,0.9251,-0.18191,-0.11066,-0.089069,-0.78769,-0.46809,1
2.3947,-1.5096,-0.1444,-0.53895,-1.0423,-2.0088,-0.61676,0.21753,-0.13457,-0.74298,0.069975,-0.58781,-0.78001,1
3.7265,-1.8429,-0.26824,-0.59003,-0.84103,-2.769,-0.74171,0.38512,-0.080142,-0.32598,0.12458,-0.34553,-0.53174,1
3.246,-1.7043,0.57754,-0.89271,-1.4207,-2.4988,-0.75092,0.10005,-0.019743,-0.51936,-0.18096,-0.10172,-0.78999,1
1.7344,-1.8272,1.2015,-0.26899,-0.88105,-1.9796,-1.1089,-0.968,0.064702,-0.59251,-0.5063,-0.247,-0.73292,1
-0.1089,-2.3263,1.5295,1.1781,-0.34944,-0.55502,-0.74524,-1.3837,0.56411,-0.43828,-0.49028,-0.40154,-0.62844,1
100,100,100,100,100,100,100,100,100,100,100,100,100,100
0.34064,-1.3134,1.3229,-0.46568,-0.50574,-0.19787,0.51339,-0.91198,0.15457,-0.58325,0.071983,-0.027152,-0.37484,1
1.1525,-0.91985,1.5035,-0.68692,-1.001,-0.54635,0.49669,-1.4694,-0.06772,-0.69725,0.25854,-0.28293,-0.31137,1
1.2686,-1.0284,1.5978,-0.32541,-0.95449,-0.65414,0.47159,-1.1607,0.11408,-1.0642,0.1235,0.13361,0.052859,1
1.5676,-0.63579,1.5857,-0.63577,-1.0222,-0.46006,0.31009,-1.4576,0.45568,-0.67134,0.36106,0.14332,0.076074,1
1.8798,-0.56492,1.2923,-1.5587,-0.66574,-0.20006,0.30525,-1.4211,0.014462,-0.040323,0.80912,0.20596,-0.98746,1
2.4564,-0.46152,1.0038,-1.6554,-0.98837,-0.17323,-0.0054499,-1.3401,0.56068,0.15533,0.59023,-0.41891,-0.66429,1
2.9233,-0.68148,0.29039,-2.2152,-0.62695,-0.12882,-0.10619,-1.054,0.48352,0.68486,0.10855,-0.76761,-0.65638,1
3.2018,-0.70949,-0.244,-2.0863,-0.60024,-0.35494,-0.46365,-0.36761,0.86414,0.47813,-0.59349,-1.263,-0.084588,1
3.5551,-1.4612,-0.37413,-1.7778,-0.77019,-0.39693,-0.3477,-0.30677,0.9276,0.57735,-0.91763,-1.0396,-0.064253,1
3.5415,-1.5678,-0.92291,-1.0226,-0.87641,-0.28487,-0.85821,-0.0094657,0.50284,0.20342,-0.51552,-1.2683,0.21466,1
4.0273,-2.2197,-0.94993,-0.83288,-0.8375,-0.37063,-1.1485,0.26299,0.65618,0.30106,-0.8859,-1.1826,0.29186,1
4.3882,-2.3401,-1.3819,-0.87301,-1.0317,-0.59651,-1.4676,0.65408,0.5399,-0.090689,-1.0901,-1.276,0.41855,1
4.5956,-2.5832,-1.6511,-0.75409,-1.4246,-0.70157,-1.1708,0.68375,0.20717,-0.13338,-1.2459,-1.224,0.53462,1
4.6692,-3.0984,-1.6048,-0.78,-1.0795,-0.96265,-0.95978,0.86826,0.093577,-0.37811,-1.1696,-0.97343,0.43074,1
4.7972,-3.456,-1.5384,-1.0501,-1.2265,-0.90051,-0.72726,1.0979,-0.084802,-0.39861,-0.8111,-1.2113,0.52667,1
3.9508,-2.576,-1.4001,-0.89281,-0.58263,-0.30885,-0.84745,1.5733,0.28803,-0.30915,-0.73705,-1.2724,0.49536,1
2.9139,-2.9677,-1.8108,-0.7455,-0.95431,-0.25319,0.016567,1.5289,0.43376,-0.23456,-0.88508,-0.37471,0.36466,1
0.97551,-4.1689,-1.9519,-1.3906,0.23209,-0.094365,0.75693,1.166,0.18598,-0.79352,-0.82392,-0.10781,-0.59893,1
1.2778,-5.5725,-2.793,-0.24678,0.73155,-0.2993,0.079682,0.84413,-1.0736,-0.68299,-0.57714,0.1946,0.085146,1
1.6608,-5.7473,-3.0862,-0.36374,0.22193,0.15837,1.2987,1.8209,-0.53772,-0.34,0.66095,0.096982,0.255,1
1.5968,-4.5694,-1.8688,0.023796,-0.44669,-1.2282,-0.040919,1.6443,-0.81977,-0.71118,0.33751,-0.043811,0.70238,1
1.3334,-4.8997,-2.1587,-0.26004,-0.35934,-1.0764,0.25897,1.5876,-0.65202,-0.51574,0.070328,0.0075972,0.18502,1
0.8213,-5.3179,-2.0268,-0.44012,-0.33084,-0.55515,0.72028,1.614,-0.069904,0.1039,-0.055745,-0.53514,-0.035549,1
0.40822,-4.4162,-1.4017,0.097321,0.34832,-0.97953,0.071874,1.615,-0.33324,-0.38113,-0.052273,-0.27299,-0.44277,1
1.0965,-1.6561,0.75633,-0.31396,-0.70672,-1.3356,-0.27526,0.28335,0.18614,-0.80021,-0.08679,-0.57225,-0.61587,1
3.6312,-2.0109,-0.41896,-0.09852,-1.448,-2.8269,-0.56918,0.56322,-0.024324,-0.32752,0.098818,-0.67198,-0.57551,1
3.2583,-1.9377,0.022807,-0.013473,-1.6499,-2.6032,-0.60006,-0.41669,0.21721,-0.2384,-0.068143,-0.22647,-1.0374,1
2.8393,-2.3543,0.79411,0.4036,-1.6075,-2.4964,-0.6325,-0.51547,-0.17939,-0.21103,0.18081,-0.23358,-0.90525,1
1.8863,-2.4196,1.2676,0.75621,-1.5046,-2.3526,-0.83371,-0.5319,-0.58639,-0.64097,-0.57902,-0.32847,-0.6841,1
0.41664,-2.0317,1.3882,0.93348,-0.19502,-0.75271,-0.60138,-1.4189,-0.19553,-1.0604,-0.59578,-0.19009,-0.7044,1
-0.60645,-2.2561,1.3664,0.69129,-0.51566,-0.12503,0.30782,-0.85716,0.55251,-0.3755,0.056185,-0.33072,-0.61855,1
100,100,100,100,100,100,100,100,100,100,100,100,100,100
1.5728,-1.9659,0.98132,-0.7782,-1.1782,-0.62896,0.22409,-0.84504,0.17817,-0.7014,-0.31917,-0.57948,0.029008,1
1.7397,-1.8291,1.2578,-0.90665,-1.4071,-1.0158,0.065047,-1.1608,0.34977,-0.82614,-0.37198,-0.32537,-0.26234,1
1.7621,-1.942,0.97208,-0.84515,-1.0212,-0.97225,0.064309,-0.95522,0.10745,-0.80509,-0.071472,-0.21144,-0.24305,1
1.4462,-1.9226,1.2888,-0.33733,-1.2327,-1.0429,0.31007,-0.62959,0.37228,-0.70398,0.009872,-0.51635,-0.099512,1
1.2797,-1.9715,0.96869,-0.79589,-0.61626,-0.51781,0.56024,-0.39534,0.27265,-0.4406,0.0059546,-0.40532,-0.28371,1
1.6463,-1.8361,0.98713,-1.1461,-0.78409,-0.69489,0.50207,-0.32148,0.68828,-0.38878,-0.1479,-0.13485,-0.00007195,1
1.7568,-1.2496,0.94674,-1.805,-1.0776,-0.32457,1.1713,-0.55506,0.39402,-0.58096,0.17002,-0.64044,-0.24004,1
2.0747,-1.5741,1.0805,-1.621,-1.5236,-0.38347,1.8198,-0.34698,-0.15699,-0.16503,0.99288,-1.2801,-0.861,1
2.4157,-1.4607,0.39878,-2.2027,-0.59788,-0.56916,1.0891,-0.052291,-0.078731,0.021737,0.63569,-0.96421,-1.0319,1
2.5143,-1.3107,0.32268,-2.5895,-0.3534,-0.52085,0.70657,-0.042021,-0.0529,0.13089,0.27697,-1.3996,-0.56483,1
3.1087,-1.464,-0.22395,-2.6214,-0.42464,0.087602,0.70706,-0.59903,0.23722,0.676,-0.37037,-1.0334,-1.3015,1
3.1925,-1.5227,-0.68056,-2.3126,-0.28981,-0.31613,0.42608,-0.22541,0.84785,0.17487,-0.60523,-1.4053,-1.0743,1
3.2056,-1.3094,-0.35606,-2.122,-0.45198,-0.81031,0.46788,-0.24012,0.71577,-0.11186,-0.67745,-1.4821,-0.42814,1
3.1606,-1.2989,0.003318,-2.3061,-0.38403,-1.0913,0.3508,-0.16921,0.73798,-0.14317,-0.90259,-1.472,-0.19448,1
3.4476,-2.0285,-0.64201,-1.5589,-0.23775,-0.86737,-0.15639,0.042215,0.75699,-0.11629,-1.0946,-1.1048,-0.099561,1
3.9075,-2.4784,-0.73159,-1.3043,-0.66974,-0.93931,-0.62907,0.46282,0.76053,-0.16397,-1.2876,-1.0414,0.075667,1
4.0211,-2.7168,-0.73757,-1.2703,-0.70662,-1.0627,-0.60716,0.21696,0.59601,-0.2701,-1.2377,-0.83434,0.014559,1
4.3855,-2.9947,-1.2299,-1.3414,-0.72568,-1.1117,-0.81222,0.69074,0.085158,-0.42479,-0.93759,-1.0099,0.026245,1
4.3687,-2.9548,-1.2795,-1.2262,-1.074,-0.91878,-0.78552,0.62098,0.095745,-0.53611,-1.172,-0.91052,0.105,1
4.2854,-2.965,-1.1916,-1.1376,-0.91114,-0.89073,-0.83918,0.83753,0.08907,-0.62527,-0.81225,-1.0516,0.28995,1
4.0905,-3.0481,-1.4857,-1.8989,0.10277,-0.81662,0.59407,1.4678,0.066064,-0.58398,-0.93326,-0.81347,-0.22985,1
1.7362,-2.7722,-0.52176,-1.375,-0.11536,-0.65496,1.0102,1.5321,-0.23026,-0.8993,-0.462,-1.1726,-0.33054,1
3.1681,-3.8724,-3.4428,-1.1189,-0.33927,-0.93775,0.61918,1.2891,-0.38288,-0.2557,-0.14495,-0.15506,0.073596,1
4.0738,-4.0227,-4.3209,-1.2272,-0.94934,-1.068,0.75052,1.4104,-0.62576,-0.61136,-0.31486,-0.22085,0.16699,1
0.87414,-4.8451,-1.7319,-0.60137,0.3202,-0.017827,0.51853,1.2875,-0.49062,-0.072276,-0.24453,-0.44763,0.27268,1
1.2922,-4.7843,-1.2343,-0.9706,0.086718,0.31571,1.1331,1.432,-0.000033223,-0.5154,-0.38445,-0.19432,0.2478,1
0.64471,-4.7361,-1.8319,-0.16866,-0.062138,-0.077734,0.47732,0.93815,-0.41459,-0.021991,0.13581,-0.29299,0.1158,1
1.9848,-5.8254,-2.5628,-1.318,-0.84355,-0.72503,1.0396,1.5876,-0.15262,-0.42096,-0.15457,-0.74189,-0.74994,1
0.88091,-4.5395,-1.0283,-1.5171,-0.87804,-1.1388,0.078509,0.77988,0.26727,0.26521,0.36515,-0.03753,0.14774,1
2.6703,-2.73,-0.15121,0.24782,-1.3981,-1.998,-0.66009,-0.381,-0.48523,-0.47603,0.11466,-0.75568,-0.86492,1
4.5239,-3.2469,-0.0099479,-0.004035,-2.0251,-2.3266,-0.64172,0.099844,-0.12966,-0.41548,0.156,-0.2304,-0.77706,1
4.2308,-3.9915,0.79312,0.24342,-2.0443,-2.7954,-1.3998,-0.41928,-0.51279,-0.26924,-0.16764,-0.42864,-0.54427,1
3.8962,-3.8579,1.0732,0.13408,-2.0633,-2.5959,-1.3933,-0.57041,-0.85499,-0.39276,0.078514,-0.46696,-0.92783,1
2.9305,-3.5093,1.8484,0.80791,-1.4178,-1.9215,-1.0693,-1.0508,-1.0716,0.12135,0.17813,-0.1199,-0.58487,1
0.36358,-2.6413,0.97384,0.84022,0.019459,-0.18193,-0.37322,-1.0507,0.13693,-0.25927,-0.24769,-0.22315,-0.79117,1
-0.14238,-2.8474,0.73601,0.41523,-0.044505,-0.11036,-0.20556,-0.71176,0.45519,0.13594,0.07816,-0.2176,-0.84496,1
-0.26538,-2.9557,0.44195,0.20556,0.22854,-0.09504,-0.46122,-0.75012,0.049583,-0.15762,-0.24287,-0.10568,-0.75201,1
100,100,100,100,100,100,100,100,100,100,100,100,100,100
-1.1852,-2.7,0.32243,-0.88831,-0.49931,-0.57428,0.2147,-0.35918,-0.5875,-0.12349,0.79266,-0.063341,-0.031716,1
-1.6332,-2.6267,0.79368,0.075785,-0.55925,-0.54173,-0.012953,-0.40324,0.47963,0.22899,0.3888,-0.15574,0.44586,1
-2.0978,-2.8927,0.36435,-0.30636,-0.13169,-0.14723,0.54065,0.21961,-0.22482,0.11972,0.77468,-0.21224,-0.33334,1
-2.8789,-2.8427,0.46793,0.064304,0.47345,-0.14955,-0.57661,-0.7233,-0.29387,0.20178,0.49074,0.3501,-0.54562,1
-2.0049,-2.5294,0.53695,-0.12716,-0.010213,-0.10412,-0.096822,-0.42891,0.17902,-0.19349,-0.23517,-0.078086,-0.50205,1
1.2756,-1.3004,1.3395,-1.1021,-1.2824,-0.9213,0.47452,-0.7361,0.61173,-0.56801,-0.10942,-0.51442,0.17315,1
1.5257,-1.5498,1.3192,-0.77497,-1.2593,-1.0104,0.13685,-1.0741,0.83009,-0.34846,-0.25434,-0.73102,-0.15138,1
1.6849,-1.3764,1.3154,-0.70435,-1.4148,-1.0305,0.28536,-0.90457,0.78167,-0.63121,-0.12116,-0.68597,0.0075042,1
1.8077,-1.2535,1.3673,-0.99885,-1.2758,-0.69622,0.57987,-0.70038,0.24787,-0.6745,0.26034,-0.31981,-0.26129,1
2.2107,-1.1661,0.60733,-1.7609,-0.79932,-0.60884,0.64499,-0.43325,-0.021953,-0.27519,0.58135,-0.23152,-0.95967,1
2.3485,-1.156,0.48527,-1.7953,-0.63734,-0.33569,0.59223,-0.68124,0.85159,0.17458,0.030956,-1.0377,-0.48207,1
2.6539,-1.1899,0.31626,-2.1628,-0.28812,-0.40234,0.39279,-0.46976,0.65544,0.86143,-0.074668,-1.5452,-0.49357,1
2.665,-1.1487,0.49038,-1.6833,-0.68112,-0.94812,0.63046,0.16842,1.1712,0.1438,-0.17171,-1.7548,-0.19909,1
2.996,-1.2977,0.062355,-1.714,-0.46646,-1.0735,0.7282,0.27707,1.297,0.31527,-0.65581,-1.5028,0.028948,1
3.7136,-1.4216,-0.39476,-2.1026,-0.31629,-0.73907,-0.13663,0.72388,1.3714,0.25292,-1.1547,-1.5895,0.27341,1
4.1633,-2.1603,-0.91173,-1.7466,-0.88279,-0.61005,0.041022,0.38804,1.0561,-0.0093417,-0.70793,-1.0267,0.019506,1
4.0855,-1.4982,-1.1124,-1.6231,-0.40486,-1.0546,-0.3542,0.39182,1.0238,-0.13246,-0.87217,-1.5297,0.1283,1
4.6323,-2.8282,-1.6008,-1.0326,-1.1245,-0.65663,-0.8779,0.45527,0.67014,-0.25918,-0.76417,-1.5234,-0.0053533,1
4.9593,-3.0271,-1.7266,-0.94431,-1.2462,-0.61718,-1.1314,0.22466,0.75226,-0.21593,-1.1424,-1.3348,0.071546,1
5.2026,-3.4307,-1.5503,-1.0165,-1.1849,-0.88325,-1.0606,0.47741,0.52911,-0.24929,-1.1813,-1.3718,0.35565,1
5.2768,-3.8009,-1.7228,-0.80398,-1.4954,-0.77131,-1.2482,0.81357,0.32632,-0.52476,-1.2562,-1.0872,0.2911,1
5.1478,-3.3603,-2.0669,-1.4214,-1.5071,-0.89458,-1.2809,0.72218,-0.11552,-0.6559,-1.2021,-1.2277,0.3041,1
3.7632,-2.2027,-1.0264,-2.3343,-0.59317,-1.1196,0.062449,1.0639,0.32087,-0.077435,-0.95861,-0.54536,-0.26211,1
1.5948,-2.3437,-0.047055,-0.93084,0.32423,-0.82667,0.093663,0.49316,0.60362,-0.33771,-1.0258,-0.74395,-0.54405,1
1.6864,-3.5311,-1.1765,-0.28853,0.71965,-0.72234,-0.34363,0.85924,-0.41779,-0.41235,-0.593,0.12546,-0.45475,1
2.2679,-4.1989,-1.6829,-0.69675,0.062873,-0.46106,0.49692,1.5582,-1.1069,-1.4567,0.17508,0.63582,0.32731,1
2.4623,-4.5322,-1.8329,0.26609,0.73817,-1.3391,0.15392,0.86941,-1.1922,-1.3317,-0.29199,0.39317,0.65556,1
1.2118,-3.8625,-1.2246,-1.2107,-0.34077,-0.44526,0.56318,1.1045,-0.38514,-1.0225,-0.23256,-0.081274,0.036324,1
1.4541,-4.483,-1.6323,-1.1638,-0.020116,-0.87637,0.24018,1.1376,-0.45342,-0.90012,-0.69985,-0.26285,-0.74185,1
1.4719,-5.0483,-1.6475,-1.1051,-0.69121,-1.2756,0.37825,0.96027,-0.72602,-0.60044,-0.22863,0.091728,-0.26397,1
1.5124,-4.1565,-1.6354,-0.98152,-0.52182,-1.2892,0.3029,1.805,-0.27968,0.062323,0.67489,-0.39638,-0.49445,1
0.30846,-2.6286,0.43464,-0.21726,-0.48322,-0.57428,-0.40381,-0.60394,-0.11093,-0.41043,-0.26859,-0.46544,-0.41725,1
3.8374,-2.2122,-0.42749,-0.31158,-1.2612,-1.9404,-1.0118,0.13714,0.31487,-0.38006,-0.025361,-0.19563,-0.73903,1
4.0549,-2.4647,0.26711,0.28173,-1.684,-2.4844,-1.1859,-0.32959,0.12771,-0.61087,0.061475,0.050831,-0.58071,1
3.5548,-2.6629,0.35918,0.39078,-1.9235,-2.6042,-1.4887,-0.79037,-0.50644,-0.651,0.20616,-0.72947,-0.53605,1
2.6348,-2.1853,0.77301,0.52923,-1.6547,-1.9767,-0.94334,-1.129,-0.5203,-0.88752,0.38371,-0.4727,-0.59423,1
0.54577,-2.3986,1.2992,0.89294,-0.26176,-0.63961,-0.7439,-1.1857,0.058443,-0.34631,0.07596,-0.14095,-0.78327,1
100,100,100,100,100,100,100,100,100,100,100,100,100,100
-0.21319,-1.8074,1.2401,0.075221,-0.15539,0.024953,0.41638,-0.81254,-0.016405,-0.59297,0.24988,0.16209,-0.3079,1
1.0993,-1.0759,1.347,-0.62941,-0.76771,-0.34809,0.18396,-1.4418,-0.08234,-0.71314,0.1361,-0.31753,-0.33187,1
1.2049,-0.92585,1.7543,-0.41838,-0.96067,-0.52912,0.11503,-1.421,0.43469,-0.76111,-0.028136,0.03949,0.026112,1
1.4113,-0.5458,2.0748,-0.53704,-1.1539,-0.61801,0.37225,-1.2709,0.58117,-0.71445,-0.025326,0.4145,0.16949,1
1.7429,-0.48784,1.4947,-1.2553,-0.88974,0.044142,0.32269,-1.873,0.49469,-0.094769,0.43765,0.11963,-0.38299,1
2.2466,-0.29522,1.1886,-1.8506,-0.81948,-0.68111,0.39907,-1.1478,0.073217,0.31392,0.64085,-0.39553,-0.74273,1
2.7658,-0.58367,0.10193,-1.6703,-0.87355,-0.1823,-0.17084,-0.99638,0.32243,0.34189,0.56621,-0.82823,-0.6986,1
3.3202,-0.87282,-0.40087,-1.9496,-0.76349,-0.15729,-0.36289,-0.46401,0.79667,0.56777,-0.17266,-1.1601,-0.30476,1
3.4175,-1.0147,-0.7193,-1.6059,-0.78621,-0.40447,-0.2394,-0.55268,1.0645,0.38463,-0.67409,-1.191,0.2014,1
3.4858,-1.4785,-0.61907,-1.4817,-0.71056,-0.41098,-0.54448,-0.075585,0.64838,0.29211,-0.73663,-1.2187,0.16012,1
3.8686,-1.9338,-1.0082,-0.893,-0.73003,-0.4859,-1.1285,0.16652,0.41368,0.48129,-0.63817,-1.2285,0.055163,1
4.3748,-2.4068,-1.2296,-0.73336,-0.99779,-0.52487,-1.3132,0.64881,0.53983,0.12791,-1.1366,-1.1822,0.35652,1
4.4397,-2.6261,-1.4547,-0.63577,-1.0702,-0.77052,-1.2361,0.7383,0.23837,-0.081875,-1.1464,-1.1635,0.5183,1
4.7856,-3.0189,-1.7276,-0.53164,-1.3425,-0.73446,-1.137,0.98608,0.18033,-0.14671,-1.3169,-1.0528,0.58441,1
4.5702,-3.0913,-1.6908,-0.86746,-1.1619,-0.86328,-0.72656,1.0238,-0.20954,-0.21023,-0.90606,-1.0942,0.40319,1
4.6305,-3.1042,-1.7069,-0.84322,-1.2575,-0.4821,-1.0122,1.8869,-0.19097,-0.36144,-0.93301,-1.1158,0.45336,1
3.3381,-2.8824,-1.7687,-0.82512,-0.7258,-0.59591,0.25312,1.1326,0.60427,-0.45741,-0.79267,-0.52426,0.25516,1
1.062,-3.2499,-1.4464,-0.75902,0.28554,-0.18345,0.40694,1.3834,0.19061,-0.64966,-0.58503,-0.045071,-0.14162,1
0.90123,-4.9912,-2.4615,-0.5984,0.41619,-0.21519,0.36132,0.96836,-0.81624,-0.57048,-0.35563,-0.21921,-0.36251,1
1.7157,-5.4854,-3.1677,-0.5973,0.29399,-0.43145,1.2932,2.4233,-0.42001,-0.14848,0.51656,0.48825,0.39114,1
1.4584,-5.0277,-2.2863,-0.26444,-0.11477,-0.54363,0.19429,1.3881,-0.31581,-0.43591,0.16118,0.37196,0.54908,1
1.3294,-4.6682,-1.958,-0.0018469,-0.29613,-1.3265,0.37257,1.4174,-0.5001,-0.34572,0.4027,0.39306,0.19945,1
0.87036,-5.0416,-2.5461,-0.6853,-0.47151,-0.64667,0.75583,1.747,0.12195,-0.074197,0.27037,-0.10134,-0.087791,1
0.64883,-5.3476,-1.9365,0.11422,-0.03916,-1.507,0.12985,1.7276,-0.26317,-0.1308,-0.067801,-0.60854,-0.18465,1
0.087773,-1.8874,0.43106,-0.16137,-0.25262,-0.96072,0.21139,0.44716,-0.21122,-1.0616,-0.30656,-0.42689,-0.57724,1
3.254,-1.6927,-0.48481,-0.31634,-1.0809,-2.8916,-0.32028,0.60729,-0.087655,-0.26693,-0.029133,-0.52687,-0.58813,1
3.387,-1.8959,-0.29793,-0.18718,-1.3354,-2.7222,-0.72548,-0.21879,0.094093,-0.41319,0.11959,-0.23367,-1.2071,1
2.8908,-1.9143,0.61555,0.077701,-1.5547,-2.6622,-0.55562,-0.69502,0.028595,-0.24799,0.06682,-0.4549,-0.81665,1
2.2903,-2.7735,1.6116,0.62072,-1.5661,-2.4653,-0.93404,-0.43973,-0.33789,-0.52328,-0.32219,-0.27446,-0.7794,1
0.94463,-1.8465,1.6057,0.86109,-0.59652,-1.6483,-0.66657,-0.81442,-0.50551,-1.2603,-0.39564,-0.46595,-0.65527,1
-0.41578,-2.1715,1.3543,0.55483,-0.54934,-0.32113,-0.16921,-1.2755,0.6041,-0.36098,-0.20349,-0.26519,-0.62796,1
100,100,100,100,100,100,100,100,100,100,100,100,100,100
-0.70974,-2.646,0.25733,-1.4415,-0.86159,-0.69285,0.39224,-0.51119,-0.38699,-0.31956,0.8015,0.24958,-0.18804,1
-1.1431,-2.4845,1.0202,0.11111,-0.88164,-0.99274,-0.38156,-0.90207,0.60367,0.36552,0.68565,-0.16344,0.39676,1
-1.9285,-2.683,0.51813,0.061651,0.17477,-0.014118,0.078921,-0.15064,0.095774,0.10076,0.24094,-0.020086,-0.24363,1
-2.5109,-2.8239,0.57818,-0.10179,-0.25271,-0.21944,0.29676,-0.30382,-0.46716,-0.042428,0.8286,-0.13375,-0.51172,1
-2.9261,-2.9003,0.26204,-0.31113,-0.02335,0.06886,0.57351,0.15942,-0.49096,-0.16924,0.56294,-0.11191,-0.40678,1
0.39605,-1.4274,1.0803,-0.98616,-1.0436,-0.95469,0.10497,-0.93747,0.51484,-0.48498,-0.18704,-0.24426,-0.16036,1
1.4141,-1.4126,1.2856,-0.78225,-1.5147,-0.9139,0.27979,-0.8807,0.8043,-0.72301,-0.29088,-0.59478,0.13557,1
1.6401,-1.3215,1.3387,-0.8946,-1.2676,-1.0871,0.055199,-0.94331,0.92766,-0.41897,-0.22321,-0.73427,-0.14379,1
1.6816,-1.0383,1.3178,-1.2542,-1.1362,-0.61165,0.50659,-1.122,0.59514,-0.3551,-0.11753,-0.47132,-0.26237,1
1.9875,-0.84907,1.1189,-1.6928,-1.113,-0.56497,0.83959,-0.94011,0.35551,-0.47026,0.44375,-0.34282,-0.68431,1
2.2112,-0.9362,0.67645,-2.0214,-0.51108,-0.4672,0.8596,-0.44121,0.13825,-0.073268,0.57032,-0.72806,-1.099,1
2.5608,-0.84868,0.010907,-2.0125,-0.45109,-0.37817,0.35022,-0.36258,0.46892,0.74417,0.09045,-1.5426,-0.40246,1
2.5812,-0.74685,0.62448,-1.9191,-0.7216,-0.65079,0.51202,-0.28553,1.3705,0.29003,-0.36975,-1.3931,-0.38727,1
2.7039,-0.98134,0.30335,-1.9132,-0.4447,-0.82932,0.56714,0.43063,0.9533,0.35418,-0.36289,-1.4294,-0.01842,1
3.5586,-1.3101,-0.57702,-1.9311,-0.40404,-0.92088,-0.13507,0.4649,1.3918,0.35653,-1.0312,-1.6258,0.14454,1
3.8874,-1.3753,-1.4222,-1.5262,-0.77058,-0.62953,0.124,0.089471,1.2719,-0.14442,-0.7047,-1.1091,0.050289,1
4.1295,-1.4744,-0.90439,-1.8313,-0.40811,-1.1826,-0.019331,0.43163,1.2357,-0.28184,-0.96715,-0.94527,-0.066298,1
4.3785,-2.5322,-1.4032,-1.4757,-0.84587,-0.94283,-0.16273,0.52212,0.50238,-0.55586,-0.59292,-1.4993,-0.075284,1
4.9085,-3.2012,-1.3876,-1.0543,-1.0292,-0.86377,-1.3184,0.33839,0.866,-0.32627,-1.0581,-1.3142,-0.12467,1
5.1214,-3.3,-1.6484,-1.005,-1.2757,-0.77286,-0.87136,0.27693,0.59057,-0.19177,-1.1331,-1.3811,0.24596,1
5.1165,-3.4494,-1.5835,-0.90208,-1.2864,-0.88123,-1.0906,0.61589,0.63035,-0.69874,-1.0739,-1.2593,0.31218,1
5.2621,-3.5569,-1.9383,-1.2251,-1.5868,-0.87195,-1.2146,0.75926,0.014591,-0.6166,-1.1376,-1.2974,0.3441,1
4.6338,-3.2546,-1.5539,-2.0452,-0.93924,-1.1608,-0.74378,0.86761,0.10889,-0.34237,-1.1353,-0.848,-0.027069,1
2.2951,-1.5288,-0.26849,-2.5206,-0.058477,-0.91279,0.49009,0.79046,0.51198,-0.49213,-0.38595,-0.80387,-0.68457,1
1.5032,-3.0922,-0.71674,0.00043903,0.74935,-0.53785,-0.95282,0.052254,-0.32463,-0.16671,-0.11632,-0.13266,-0.63507,1
2.0378,-3.775,-1.805,-0.83422,-0.076161,-1.0829,0.32445,0.81894,-1.0143,-1.4621,-0.053482,0.31407,-0.047789,1
2.576,-5.3897,-2.4349,-0.51587,-0.036987,-1.0621,0.63136,1.2923,-1.3369,-1.5439,-0.0045267,0.54373,0.43233,1
1.4733,-3.9044,-1.2138,-0.67656,-0.18834,-0.97117,0.36717,0.92121,-0.66087,-1.1196,-0.43245,0.40472,0.37097,1
1.7291,-4.2639,-1.8473,-0.46879,-0.085923,-0.41565,0.44759,1.1236,-0.41106,-0.8755,-0.49006,-0.51159,-0.10466,1
1.8189,-4.3017,-2.0465,-1.2055,0.022837,-1.0591,0.20527,0.80112,-0.4094,-1.0722,-0.76828,0.18629,-0.44808,1
2.0101,-4.9104,-1.493,-0.45425,-0.59583,-1.0324,0.31085,1.8201,0.015041,-0.24884,0.80601,-0.03406,-0.45244,1
0.52661,-3.8736,-0.66687,-1.0376,-1.3017,-0.70083,0.92978,0.86053,0.39384,-0.12678,0.67437,-0.29741,-0.48735,1
2.7592,-2.0725,-0.4693,-0.021506,-1.0761,-2.2893,-0.85253,-0.23137,-0.0011362,-0.5155,-0.42086,-0.51221,-0.71099,1
4.1624,-2.6769,-0.31354,0.33374,-1.6709,-2.4692,-1.1629,-0.0010507,0.023641,-0.51266,-0.2074,0.069069,-0.48181,1
3.8095,-2.2693,0.41211,0.58058,-1.5502,-2.8049,-0.93808,-0.3648,0.14491,-0.24916,-0.17499,-0.1178,-0.37202,1
3.0789,-2.3549,0.54046,0.76348,-1.3726,-2.7005,-0.89393,-1.1183,-0.57152,-0.39475,0.038922,-0.1624,-0.67022,1
1.6453,-2.3644,1.3883,1.1817,-1.1687,-1.8529,-1.2353,-1.12,0.066518,-0.59339,0.25437,-0.39304,-0.85649,1
100,100,100,100,100,100,100,100,100,100,100,100,100,100
-0.14722,-2.6531,0.83674,0.59705,0.31662,0.036324,-0.61482,-1.1791,0.1354,-0.34198,-0.37055,0.17513,-0.5772,1
0.49977,-2.5752,0.89651,0.55614,0.26281,0.08504,-0.47016,-1.1926,0.21787,-0.32702,-0.28847,0.17799,-0.65044,1
0.98753,-2.0743,1.2424,0.16372,-0.65365,-0.41818,0.0092154,-1.093,0.35825,-0.68557,-0.2986,-0.17428,-0.3452,1
1.0543,-2.0267,1.4149,0.46366,-0.56683,-0.5226,-0.25638,-1.0876,0.71453,-0.51426,-0.3981,-0.18894,-0.48329,1
1.0564,-1.7436,1.4141,-0.15597,-0.59172,-0.36892,0.28486,-0.98391,0.47887,-0.87544,-0.44114,-0.048809,-0.21269,1
1.0695,-1.8176,1.3825,0.0094519,-0.40272,-0.36206,0.066634,-0.92288,0.83951,-0.44305,-0.36019,0.040468,-0.28977,1
1.6756,-1.5067,1.1719,-0.80451,-0.89842,-0.67611,0.64466,-0.7143,0.10171,-0.68519,0.53824,0.18086,-0.4418,1
2.2086,-1.3638,0.8674,-1.4587,-0.62921,-0.39306,0.27341,-0.87343,0.07215,-0.099529,0.82069,-0.10073,-0.71648,1
2.3499,-1.0484,0.83029,-1.8389,-0.88521,-0.47187,0.52081,-1.003,0.61214,0.17645,0.62141,-0.51915,-0.65246,1
2.9077,-0.85093,0.26616,-2.4095,-0.62135,-0.35174,0.57136,-1.0636,0.60438,0.57307,0.31654,-1.0195,-0.83225,1
2.9911,-1.1506,0.046751,-2.0397,-0.41528,-0.43582,0.21979,-0.72271,0.80465,0.59272,0.17831,-1.483,-0.56111,1
3.1135,-0.93371,-0.25692,-2.3643,-0.12408,-0.5058,0.21718,-0.61141,0.83777,0.56161,-0.44615,-1.4539,-0.36059,1
3.2429,-1.4403,-0.78868,-1.534,-0.12258,-0.68853,-0.20761,-0.38339,0.87408,0.14828,-0.84155,-0.81502,-0.20755,1
3.7848,-2.0698,-1.0627,-1.5281,-0.24803,-0.67888,-0.56557,-0.013474,0.55807,0.22893,-1.0175,-1.1588,0.065646,1
3.6071,-1.9096,-1.3393,-1.1335,-0.4321,-1.0676,-0.38113,-0.0035206,0.47303,-0.32552,-1.0941,-1.0138,0.31785,1
4.2138,-2.6636,-1.4304,-1.1073,-0.70912,-0.73265,-0.98557,0.483,0.34612,-0.34763,-1.2199,-1.037,0.49921,1
4.4024,-2.901,-1.4922,-1.2165,-0.58916,-0.75474,-0.93843,0.65308,0.086028,-0.37736,-1.2265,-0.76264,0.41022,1
4.5735,-3.0188,-1.7932,-1.1971,-0.92518,-0.9562,-0.88069,0.79633,-0.078332,-0.65988,-1.2762,-0.88512,0.47072,1
4.4433,-2.8949,-1.7915,-1.4617,-0.91691,-0.72318,-0.86566,0.92804,-0.28112,-0.49096,-1.187,-1.1697,0.54407,1
3.8161,-3.2045,-0.94794,-1.3701,-0.63672,-0.47673,-0.047938,1.0709,0.015161,-0.47135,-0.78148,-1.0776,0.20681,1
2.3085,-2.6865,-1.6216,-1.3997,0.67801,-0.61931,0.13025,1.348,0.1688,-0.49104,-0.87826,-0.34753,-0.070887,1
0.78739,-4.44,-0.98856,0.13106,0.37221,-0.27666,0.56626,1.9187,0.18087,-1.113,-1.2822,-0.32161,-0.062716,1
1.217,-5.8454,-2.155,-0.20133,-0.018434,-0.046773,1.0897,2.3952,-0.1127,-0.55339,-0.52251,0.58291,0.03415,1
0.069201,-4.3468,-0.89474,0.40385,0.4743,-0.38576,0.023546,1.7583,0.2324,0.22499,0.060643,0.40077,0.31293,1
-0.50963,-4.4487,-1.456,-1.1663,0.05422,-0.11518,0.32162,0.89605,-0.051245,-0.092714,0.063657,0.080872,0.11052,1
0.094342,-4.5662,-1.4557,-0.82577,0.031534,0.15171,0.67266,1.3198,0.24705,-0.19395,0.012965,0.047516,-0.27089,1
-1.6429,-3.8429,-0.83425,-0.52242,-0.13495,-0.094306,0.42002,1.0026,0.31115,-0.083197,-0.13993,-0.11696,-0.26757,1
-0.80895,-3.6726,-0.095243,0.084387,-0.62094,-0.10982,0.59435,0.62922,-0.19378,-0.32588,0.15016,-0.59106,-0.20449,1
1.3304,-1.8164,0.5921,0.11238,-0.78794,-1.3424,-0.56042,-0.7158,0.39344,-0.35294,-0.065671,-0.59868,-0.79033,1
3.3519,-2.2005,-0.085815,-0.34177,-1.0733,-2.294,-0.4769,-0.4788,-0.19074,-0.1659,0.5085,-0.74075,-0.5604,1
3.5062,-2.6047,0.13028,-0.16293,-1.8438,-2.5468,-1.01,-0.41345,-0.11998,-0.60541,0.10066,-0.639,-0.69904,1
3.1647,-2.2274,0.38708,-0.27859,-1.5218,-2.3685,-0.89715,-0.57233,-0.15412,-0.42382,-0.00053607,-0.54858,-0.58787,1
2.4698,-2.2632,1.2554,-0.035516,-1.2576,-1.9097,-0.5274,-0.99371,0.00032656,-0.59299,-0.034414,-0.2938,-0.30169,1
1.6256,-2.034,1.4287,0.51383,-0.96,-1.1546,-0.44418,-1.368,-0.1306,-1.2352,-0.35964,-0.70586,-0.653,1
0.50257,-2.6016,1.2678,0.9438,-0.079059,-0.087958,-0.63367,-1.6665,0.0086546,-0.73973,-0.563,-0.091668,-0.77979,1
100,100,100,100,100,100,100,100,100,100,100,100,100,100
-0.29469,-2.6583,0.78838,-0.076552,-0.050985,-0.76526,-1.0005,-1.6578,-0.25065,0.17186,0.61915,0.24443,-0.0022633,1
-0.69195,-2.4844,1.2489,0.59321,-0.35886,-0.50277,-0.42763,-1.4132,0.20962,0.16881,0.7075,-0.080504,-0.67201,1
-0.75062,-2.5405,0.85908,0.24762,-0.3771,-0.31482,0.083337,-0.53758,0.19198,-0.020119,0.51412,0.085836,0.0098451,1
0.23859,-2.2447,1.1629,0.037492,-0.40494,-0.29114,0.22246,-0.87548,0.074271,-0.42517,0.52098,0.33076,-0.26138,1
0.6998,-1.8301,1.3342,-0.14251,-0.55071,-0.36417,0.3554,-1.0288,0.030271,-0.79016,0.12243,0.15563,-0.08548,1
0.7953,-1.7258,1.8315,0.7283,-0.47055,-0.42199,0.12083,-1.0715,0.30652,-0.86004,-0.11082,0.075942,0.34719,1
1.0828,-1.137,2.2065,0.32121,-0.95539,-0.45418,-0.026087,-1.7176,0.62099,-0.72957,0.0062017,0.20368,-0.16811,1
1.3102,-1.1581,2.1233,-0.061106,-1.242,-0.60373,0.5556,-1.5301,0.25171,-0.4619,0.41547,-0.61362,0.091899,1
1.5376,-0.88412,2.2405,-0.2703,-1.2903,-0.66367,0.696,-1.1952,0.11654,-0.44127,0.82623,-0.34868,-0.37076,1
1.6187,-0.99249,1.8505,-0.58316,-0.73948,-0.72845,0.53618,-0.58748,0.31005,-0.28521,0.41352,-0.40315,-0.22351,1
2.1136,-0.44447,1.5103,-1.5744,-0.95203,-0.98603,0.40764,-0.53816,0.67552,-0.17938,0.40099,-0.4985,-0.386,1
2.0983,-0.92183,0.76468,-1.8336,-0.48365,-0.39902,0.63605,-0.17419,0.74259,0.11215,-0.24712,-1.1488,0.14772,1
2.7656,-0.77334,-0.13149,-1.7723,-0.36444,-0.95739,0.72274,0.30321,0.95263,-0.10055,-0.5977,-1.44,0.25786,1
3.5584,-1.1447,-1.1339,-2.1644,-0.23291,-0.51975,0.29339,0.51174,0.78064,-0.021657,-0.77549,-1.8257,0.26249,1
4.6168,-2.9267,-1.1204,-1.6732,-0.63921,-0.99008,-0.22578,0.65849,0.61136,0.17131,-1.1839,-1.335,-0.2726,1
5.1498,-3.2416,-1.6337,-1.0787,-0.62872,-0.94873,-0.70389,0.49165,0.45747,0.37257,-1.3581,-1.2565,0.073443,1
5.1891,-3.2121,-1.9043,-1.0361,-0.84337,-0.75597,-1.1102,0.68596,0.40797,0.038366,-1.5142,-1.1215,0.1447,1
5.2036,-3.3758,-2.2253,-1.2189,-0.93172,-0.85966,-1.0566,0.57778,0.048718,-0.18817,-1.5365,-1.2492,0.27836,1
5.2797,-3.5394,-2.1493,-1.7323,0.11426,-0.82262,-0.6198,0.72702,0.018668,0.01919,-1.2229,-1.0865,0.25638,1
3.8729,-2.9562,-1.5286,-1.1676,-0.16432,-1.0931,-0.30827,1.7715,0.078141,-0.42493,-1.2896,-0.48092,0.42206,1
1.5726,-2.6381,-1.2283,-1.1011,0.51876,-0.2675,0.51952,0.82203,0.10981,-0.17039,-1.0726,-0.45244,0.17279,1
1.547,-4.4011,-2.6949,-0.8183,0.29581,-0.26947,0.5516,1.2248,-0.23123,-0.43838,-0.63005,0.38717,0.27871,1
1.469,-5.1619,-2.6936,-0.66137,0.71616,-0.64079,0.39041,1.4294,-0.39675,-0.73812,-0.72263,0.2321,0.62636,1
1.7601,-5.3002,-2.6695,-1.1217,0.40795,-0.12901,0.93558,1.2771,-0.20715,-0.087113,-0.39552,0.75294,0.95895,1
1.4148,-4.8801,-1.9654,-0.045131,0.75194,-0.59376,0.62798,1.3947,-0.065914,-0.0071376,-0.46966,-0.23436,-0.35032,1
1.8319,-5.0261,-3.008,-0.48259,0.053871,-0.57796,0.11058,1.6686,-0.48476,-0.15229,0.048403,0.18069,0.29076,1
0.98605,-4.1139,-1.7907,-0.78884,-0.48877,-0.29688,0.64435,0.83516,-0.47942,-0.094491,0.16447,0.018575,0.23192,1
0.77601,-5.5539,-2.3296,-1.0532,-0.93481,-1.0872,0.61379,0.85577,0.068373,0.91897,0.6781,-0.2856,-0.16016,1
-0.1096,-4.34,-0.70217,0.67789,-0.23152,-0.60145,0.032315,0.49504,-0.50816,-0.68231,-0.62404,-0.34381,-0.20577,1
1.1408,-2.2115,0.42578,0.36218,-0.42214,-1.5387,-0.57509,-0.33221,-0.24685,-0.43187,-0.54782,-0.63871,-0.96665,1
3.7794,-2.2601,-0.06734,-0.11939,-1.5678,-2.6066,-0.80907,0.49684,-0.15667,-0.46886,0.14592,-0.22302,-0.8354,1
2.9505,-2.5062,0.63292,0.54782,-1.3164,-2.257,-0.84353,-0.22736,-0.26702,-0.20831,-0.30151,-0.11692,-0.6798,1
1.695,-2.3532,0.90975,0.63301,-0.73235,-1.9621,-1.3247,-0.47264,-0.4021,-0.67421,-0.73325,-0.54661,-0.66084,1
-0.056852,-2.6622,0.84978,0.69976,0.35614,0.10622,-0.51299,-1.0709,0.091054,-0.5056,-0.62999,-0.038609,-0.60294,1
100,100,100,100,100,100,100,100,100,100,100,100,100,100
0.23878,-2.1404,1.2658,0.21033,-0.69263,-0.42761,-0.053675,-1.385,0.41871,-0.32904,0.1355,0.013724,-0.11895,1
0.80795,-1.9951,1.2232,-0.38348,-1.0307,-0.69247,0.36236,-0.9461,0.029542,-0.85467,0.16563,-0.10593,0.0096699,1
1.0967,-1.671,1.0347,-0.95346,-0.39509,-0.53808,0.17471,-0.87749,-0.071478,-0.73739,0.14418,0.28946,-0.036033,1
1.7099,-1.1523,0.94653,-1.5922,-1.1311,-0.71269,0.36744,-0.77486,0.035608,-0.54075,0.39679,0.05979,-0.21227,1
2.2536,-0.7348,1.6857,-2.0617,-1.6701,-0.59683,0.50238,-0.83984,-0.26,-0.40899,0.61708,-0.27444,-0.1798,1
2.3095,-1.1293,1.3557,-1.7085,-1.2794,-0.29,0.11948,-1.3939,0.082467,0.22881,0.66838,-0.34864,-0.54515,1
2.3802,-0.97883,0.80122,-1.6959,-0.80482,-0.6537,0.021231,-1.3785,0.40483,0.41764,0.27794,-0.79144,-0.55382,1
2.5727,-0.68829,0.39056,-2.0868,-0.19139,-0.87591,-0.016131,-0.78609,0.43355,0.62877,0.1422,-1.3938,-0.4782,1
3.1631,-0.93622,-0.021915,-2.3211,-0.33174,-0.86363,-0.13215,-0.77768,0.73859,0.70494,-0.63153,-1.3936,-0.067609,1
3.3483,-1.4518,-0.31675,-1.7378,-0.35579,-1.1237,-0.34232,-0.33995,0.76717,0.47983,-0.80905,-1.3682,-0.010517,1
3.5929,-1.9024,-0.7175,-1.3237,-0.048366,-1.2896,-0.57141,0.072549,0.8085,0.29682,-0.82019,-1.0334,-0.27912,1
3.851,-2.2579,-1.0546,-1.325,-0.18137,-1.4364,-0.74057,0.029468,0.44255,0.41703,-0.855,-1.4025,-0.039737,1
3.7842,-2.3585,-1.0923,-1.5746,-0.37531,-1.3532,-0.83174,0.0074634,0.46802,-0.11051,-0.90823,-1.0966,-0.2919,1
4.167,-2.6829,-1.3706,-1.4741,-0.23367,-1.3412,-1.0077,0.58799,0.14422,-0.08927,-1.2587,-0.96096,-0.047266,1
4.3845,-2.6401,-1.6782,-1.0707,-0.9607,-1.1389,-0.90373,1.0638,0.18721,-0.39807,-1.08,-1.055,0.46028,1
4.2983,-3.1709,-1.8528,-0.73012,-0.95253,-1.1067,-0.29623,0.92489,0.13391,-0.23964,-0.77941,-1.0782,0.05815,1
2.9952,-2.9321,-1.7694,-0.91312,-0.36345,-0.67169,1.0292,1.3041,-0.74,-0.59758,-0.82013,-1.1332,0.14066,1
0.95951,-3.492,-0.60577,-0.25447,-0.069666,-1.0965,0.25668,1.1515,-0.090502,-0.63025,-0.90927,-0.98054,0.51985,1
0.97083,-5.4126,-2.3462,0.090384,0.0089851,-0.89141,0.018042,1.5674,0.38733,-0.18554,-0.239,-0.74633,-0.10092,1
0.71983,-5.2033,-2.3748,-0.63766,1.0462,-0.31111,0.43407,1.2283,-0.22313,0.14241,-0.43086,-0.80126,0.0060919,1
0.89766,-4.7032,-2.1945,-1.0513,-0.43906,-0.66326,1.1364,1.5097,-0.085447,-0.29501,-0.36266,-0.70442,0.13468,1
0.85073,-4.9899,-2.1166,-0.46886,0.29567,-0.16971,0.9592,1.8856,-0.42976,-0.33375,-0.25785,0.15803,0.80423,1
1.1068,-4.862,-2.2305,-0.40823,-0.14801,-0.82041,0.57073,1.7663,-0.21735,-0.16116,0.51257,-0.15966,-0.35425,1
-0.76038,-4.2347,-0.86773,-0.26059,-0.41469,-0.42875,0.10223,1.0181,-0.084137,-0.27821,-0.11558,-0.86336,-0.4734,1
1.5391,-2.3792,0.33515,0.61274,-1.0068,-1.8331,-0.69313,0.2706,-0.096844,-0.16778,-0.20697,-0.59606,-0.98299,1
4.1682,-3.0655,-0.26725,0.050847,-1.9298,-2.3142,-0.72383,0.48656,-0.29017,-0.080598,-0.1043,-0.36936,-0.87087,1
4.0137,-3.438,0.64656,-0.063019,-2.4974,-2.2311,-0.76938,0.1431,-0.36578,-0.28071,-0.3441,-0.035911,-0.86155,1
3.2499,-3.2776,1.0345,0.39393,-1.9042,-1.9172,-0.89928,-0.43095,-0.65285,-0.1779,-0.072601,-0.30159,-0.86559,1
2.1952,-3.233,1.1453,0.72071,-1.1812,-1.681,-1.3773,-0.86539,-0.44447,-0.24568,-0.2451,-0.23775,-1.1455,1
-0.056352,-2.5691,1.1836,0.87993,-0.023527,-0.11402,-0.50684,-1.2536,0.49112,-0.21521,-0.42779,-0.25537,-1.009,1
100,100,100,100,100,100,100,100,100,100,100,100,100,100
-0.091313,-1.273,1.6663,-0.24439,-1.21,-0.61139,0.22823,-1.1826,0.63257,-0.52733,0.060813,-0.23462,0.08477,1
0.38904,-0.78068,1.9009,-0.44897,-1.2988,-1.1773,0.19514,-0.84639,0.86037,-0.63284,-0.41414,-0.3644,0.20745,1
0.72028,-0.38504,2.4482,-0.62479,-1.5556,-1.2177,0.41888,-0.84461,0.9017,-0.94216,-0.4686,-0.058641,0.64329,1
0.89371,-0.13371,2.0507,-0.54801,-1.4301,-0.72482,0.75422,-1.2852,0.31572,-0.94419,0.085905,0.070896,0.35282,1
1.4469,0.16127,2.4327,-1.3256,-1.7794,-0.52668,0.58516,-1.2814,0.14416,-0.95202,-0.0050808,0.02187,0.69257,1
2.1631,0.13285,2.4634,-1.7758,-2.3833,-0.01333,0.88124,-1.4228,-0.67503,-0.58946,0.95504,0.080876,0.24357,1
3.0397,0.21676,1.2618,-2.1805,-2.0992,0.36143,-0.13949,-1.5912,-0.36102,0.047123,0.41113,0.33238,0.10776,1
3.7815,-0.42415,-0.16084,-1.662,-2.1051,0.54274,-0.73087,-1.7113,-0.093677,0.96322,0.50717,-0.67123,-0.063917,1
4.517,-1.5222,-1.3616,-0.95859,-2.4631,0.16916,-1.3992,-0.97128,0.63573,0.70862,-0.18326,-0.94395,0.00015459,1
5.4164,-2.3336,-2.2561,-0.66296,-2.6991,-0.18868,-1.6642,-0.14289,0.664,0.61502,-0.75402,-0.96852,0.17847,1
5.8929,-2.4475,-2.8129,-0.68493,-2.5951,-0.23022,-1.4552,0.42685,0.75647,0.066871,-1.0597,-0.61713,0.39497,1
5.7299,-2.6051,-2.9829,-0.70331,-2.7686,-0.21939,-1.2366,0.69492,0.39955,-0.40425,-1.1555,-0.33086,0.3307,1
5.4004,-2.3507,-2.645,-0.79178,-2.4482,-0.50629,-0.6385,0.89023,0.19321,-0.60248,-1.394,0.017044,0.13972,1
4.9118,-1.4201,-2.8166,-0.96381,-1.6687,-0.60702,0.098796,0.57789,0.16649,-0.53985,-1.39,0.36852,-0.085659,1
3.9431,-1.1039,-2.3381,-1.0148,-0.95932,-0.51559,0.28373,0.40806,0.046238,-1.1431,-0.86539,0.53016,-0.021342,1
2.5052,-1.6487,-1.0731,-0.68945,-0.43949,-0.4344,0.40649,0.54103,0.021948,-1.0334,-1.206,0.62446,-0.084481,1
3.0826,-1.971,-2.1105,-1.2027,-0.24809,-0.34708,1.0428,1.3301,-0.083854,-1.1774,-0.49267,1.4145,-0.68723,1
2.3137,-3.5145,-1.7984,-0.64497,0.16001,0.68104,0.8887,0.55556,-0.19072,-1.185,-0.89992,0.4705,-0.47351,1
2.1837,-5.8829,-1.1149,-0.67129,-0.65366,0.77912,1.0373,-0.015865,0.00045726,-0.35449,-0.90312,0.51905,-0.24594,1
2.5407,-7.4811,-1.9594,-0.18769,-0.37141,-0.53183,1.0144,0.62189,0.64271,-0.25565,-0.0065815,0.79997,-0.087373,1
1.9176,-6.5284,-2.1611,-0.39572,-0.43336,-0.57154,1.094,0.56874,0.0060781,-0.068691,-0.63686,0.7635,0.39785,1
1.3948,-6.7464,-1.931,-0.59429,-0.30621,-0.28057,0.65963,0.79949,-0.53465,-0.15975,0.046801,0.9571,0.01154,1
0.85559,-6.3241,-1.7389,-0.33143,-0.49092,-0.34147,1.1156,1.1172,-0.21757,-0.032827,0.043191,0.70647,0.24092,1
-0.5859,-4.819,-1.2208,-0.45496,-0.36639,-0.27252,1.1035,1.2492,0.10369,-0.080905,-0.17042,0.25948,0.086529,1
-0.71387,-3.3669,0.03054,0.061902,-1.061,-0.70472,0.98069,0.50126,-0.41949,-0.12208,-0.0089114,-0.83275,-0.3462,1
0.87006,-1.8047,0.61047,-0.18551,-1.3235,-1.5307,0.38744,0.4323,-0.070527,-0.047987,0.19443,-0.7958,-0.56363,1
2.5709,-2.8169,-0.24053,0.46434,-2.3912,-1.1745,0.015485,0.42995,0.08122,0.329,0.53875,-0.45996,-0.12726,1
2.9102,-3.3594,0.20091,1.0512,-2.3454,-1.4475,-0.3886,0.58322,-0.37419,0.13873,0.3892,-0.19058,-0.069741,1
2.833,-3.3217,0.045884,1.4684,-2.4414,-1.3213,-0.87189,0.033673,-0.39138,0.032907,0.57061,-0.27293,0.054418,1
2.0882,-2.8066,0.27243,1.6607,-2.0268,-1.5162,-0.98014,-0.3888,-0.40279,-0.0071418,0.85023,-0.26143,0.15061,1
0.42728,-2.5246,0.91219,1.3656,-1.4001,-1.6609,-0.012651,-0.10315,-0.89471,-0.76823,0.97046,0.24873,0.18391,1
